FOOD,CHINEES DRY,NON VEG,CHILLY CHICKEN,Great Galaxy,150 .00,,
FOOD,CHINEES DRY,NON VEG,GINGER CHICKEN,Great Galaxy,150 .00,,
FOOD,CHINEES DRY,NON VEG,CHICKEN 65,Great Galaxy,150 .00,,
FOOD,CHINEES DRY,NON VEG,CHICKEN ROAST,Great Galaxy,150 .00,,
FOOD,CHINEES DRY,NON VEG,CHICKEN FRY,Great Galaxy,150 .00,,
FOOD,CHINEES DRY,NON VEG,CHICKEN MANCHURIA,Great Galaxy,150 .00,,
FOOD,CHINEES DRY,NON VEG,CHICKEN PEPPER,Great Galaxy,150 .00,,
FOOD,CHINEES DRY,NON VEG,CHICKEN MAJESTIC,Great Galaxy,150 .00,,
FOOD,CHINEES DRY,NON VEG,CHICKEN DRUMSTICK,Great Galaxy,160 .00,,
FOOD,CHINEES DRY,NON VEG,CHICKEN KABAB,Great Galaxy,160 .00,,
FOOD,CHINEES DRY,NON VEG,CHICKEN MANGOLIA,Great Galaxy,160 .00,,
FOOD,CHINEES DRY,NON VEG,CHICKEN GARLIC,Great Galaxy,160 .00,,
FOOD,CHINEES DRY,NON VEG,CHICKEN SIZZELER,Great Galaxy,160 .00,,
FOOD,CHINEES DRY,NON VEG,CHICKEN LEAF,Great Galaxy,160 .00,,
FOOD,CHINEES DRY,NON VEG,CHICKEN APPOLO,Great Galaxy,160 .00,,
FOOD,CHINEES DRY,NON VEG,CHICKEN LOLLYPOP,Great Galaxy,160 .00,,
FOOD,CHINEES DRY,NON VEG,CHICKEN CASHEWNUT,Great Galaxy,160 .00,,
FOOD,CHINEES DRY,NON VEG,CHICKEN KHEEMA BALLS,Great Galaxy,170 .00,,
FOOD,CHINEES DRY,NON VEG,CHICKEN SNOW BALLS,Great Galaxy,170 . 00,,
FOOD,CHINEES DRY,NON VEG,CHICKEN BASKET,Great Galaxy,170 .00,,
FOOD,CHINEES DRY,NON VEG,PUDHINA CHICKEN ,Great Galaxy,170 .00,,
FOOD,CHINEES DRY,NON VEG,LEMON CHICKEN ,Great Galaxy,170 .00,,
FOOD,CHINEES DRY,NON VEG,CHICKEN SPRING ROLL,Great Galaxy,130 .00,,
FOOD,CHINEES DRY,NON VEG,CHICKEN NOODLES,Great Galaxy,130 .00,,
FOOD,CHINEES DRY,NON VEG,EGG NOODLES,Great Galaxy,110 .00,,
FOOD,CHINEES DRY,NON VEG,CHICKEN GALAXY SPL,Great Galaxy,200 .00,,
FOOD,CHINEES DRY,NON VEG,MUTTON ROAST,Great Galaxy,180 .00,,
FOOD,CHINEES DRY,NON VEG,MUTTON CHILLY,Great Galaxy,180 .00,,
FOOD,CHINEES DRY,NON VEG,MUTTON FRY,Great Galaxy,180 .00,,
FOOD,CHINEES DRY,NON VEG,MUTTON PEPPER,Great Galaxy,180 .00,,
FOOD,CHINEES DRY,NON VEG,MUTTON MANCHURIA,Great Galaxy,180 .00,,
FOOD,CHINEES DRY,NON VEG,MUTTON GINGER,Great Galaxy,180 .00,,
FOOD,CHINEES DRY,NON VEG,MUTTON MANGOLIA,Great Galaxy,180 .00,,
FOOD,CHINEES DRY,NON VEG,MUTTON KHEEMA BALLS,Great Galaxy,180 .00,,
FOOD,CHINEES DRY,NON VEG,MUTTON SPRING ROLL,Great Galaxy,180 .00,,
FOOD,CHINEES DRY,NON VEG,MUTTON GALAXY SPL,Great Galaxy,200 .00,,
FOOD,CHINEES DRY,NON VEG,FISH OIL ROAST,Great Galaxy,190 .00,,
FOOD,CHINEES DRY,NON VEG,FISH CHILLY,Great Galaxy,190 .00,,
FOOD,CHINEES DRY,NON VEG,FISH APPOLO (KATLA),Great Galaxy,190 .00,,
FOOD,CHINEES DRY,NON VEG,FISH 555,Great Galaxy,190 .00,,
FOOD,CHINEES DRY,NON VEG,FISH GINGER DRY,Great Galaxy,190 .00,,
FOOD,CHINEES DRY,NON VEG,PILLET FISH CHILLY,Great Galaxy,190 .00,,
FOOD,CHINEES DRY,NON VEG,PILLET FISH APPOLO,Great Galaxy,190 .00,,
FOOD,CHINEES DRY,NON VEG,PILLET FISH MANGOLIA,Great Galaxy,190 .00,,
FOOD,CHINEES DRY,NON VEG,PILLET FISH 555,Great Galaxy,190 .00,,
FOOD,CHINEES DRY,NON VEG,PRAWNS DRY,Great Galaxy,190 .00,,
FOOD,CHINEES DRY,NON VEG,PRAWNS FRY,Great Galaxy,190 .00,,
FOOD,CHINEES DRY,NON VEG,PRAWNS CHILLY,Great Galaxy,190 .00,,
FOOD,CHINEES DRY,NON VEG,PRAWNS PEPPER,Great Galaxy,190 .00,,
FOOD,CHINEES DRY,NON VEG,PRAWNS MANCHURIA,Great Galaxy,190 .00,,
FOOD,CHINEES DRY,NON VEG,LOOSE PRAWNS,Great Galaxy,190 .00,,
FOOD,TANDOORI ,NON VEG,CHICKEN TANDOORI FULL,Great Galaxy,340 .00,,
FOOD,TANDOORI ,NON VEG,CHICKEN TANDOORI HALF,Great Galaxy,180 .00,,
FOOD,TANDOORI ,NON VEG,TANGADI KABAB (4 PCS),Great Galaxy,240 .00,,
FOOD,TANDOORI ,NON VEG,TANGADI KABAB (2 PCS),Great Galaxy,120 .00,,
FOOD,TANDOORI ,NON VEG,CHICKEN TIKKA,Great Galaxy,120 .00,,
FOOD,TANDOORI ,NON VEG,MALAI KABAB,Great Galaxy,120 .00,,
FOOD,TANDOORI ,NON VEG,RESMI KABAB,Great Galaxy,120 .00,,
FOOD,TANDOORI ,NON VEG,JAFFR n TIKKA,Great Galaxy,180 .00,,
FOOD,TANDOORI ,NON VEG,HARIALI KABAB,Great Galaxy,180 .00,,
FOOD,TANDOORI ,NON VEG,GARLIC KABAB,Great Galaxy,180 .00,,
FOOD,TANDOORI ,NON VEG,CHICKEN SICK KABAB,Great Galaxy,180 .00,,
FOOD,TANDOORI ,NON VEG,MUTTON SICK KABAB,Great Galaxy,180 .00,,
FOOD,TANDOORI ,NON VEG,MUTTON TIKKA,Great Galaxy,200 .00,,
FOOD,TANDOORI ,VEG.,PANNER TIKKA,Great Galaxy,150 .00,,
FOOD,TANDOORI ,VEG.,ERANI PANNER,Great Galaxy,150 .00,,
FOOD,TANDOORI ,VEG.,PANNER SICK KABAB,Great Galaxy,150 .00,,
FOOD,TANDOORI ,VEG.,VEG SICK KABAB,Great Galaxy,150 .00,,
FOOD,TANDOORI ,VEG.,ALU TIKKA,Great Galaxy,150 .00,,
FOOD,TANDOORI ,VEG.,TANDOORI GOBI,Great Galaxy,150 .00,,
FOOD,TANDOORI ,VEG.,HARABARA KABAB,Great Galaxy,150 .00,,
FOOD,TANDOORI ,VEG.,CORN SICK KABAB,Great Galaxy,120 .00,,
FOOD,TANDOORI ,VEG.,MASALA PAPAD,Great Galaxy,20 .00,,
FOOD,TANDOORI ,VEG.,FRY PAPAD,Great Galaxy,15 .00,,
FOOD,TANDOORI ,VEG.,ROASTED PAPAD,Great Galaxy,15 .00,,
FOOD,GRAVY'S,NON VEG,CHICKEN CURRY,Great Galaxy,150 .00,,
FOOD,GRAVY'S,NON VEG,CHICKEN KADAI,Great Galaxy,150 .00,,
FOOD,GRAVY'S,NON VEG,CHICKEN MASALA,Great Galaxy,150. 00,,
FOOD,GRAVY'S,NON VEG,CHICKEN BUTTER,Great Galaxy,150 .00,,
FOOD,GRAVY'S,NON VEG,CHICKEN MOGALAI,Great Galaxy,150 .00,,
FOOD,GRAVY'S,NON VEG,CHICKEN METHI,Great Galaxy,150 .00,,
FOOD,GRAVY'S,NON VEG,CHICKEN RAYALASEEMA,Great Galaxy,160 .00,,
FOOD,GRAVY'S,NON VEG,CHICKEN MUTTER CURRY,Great Galaxy,160 .00,,
FOOD,GRAVY'S,NON VEG,CHICKEN PUNJABI,Great Galaxy,160 .00,,
FOOD,GRAVY'S,NON VEG,CHICKEN MAHARANI,Great Galaxy,160 .00,,
FOOD,GRAVY'S,NON VEG,CHICKEN NOORANI,Great Galaxy,160 .00,,
FOOD,GRAVY'S,NON VEG,CHICKEN AFGHANI,Great Galaxy,160 .00,,
FOOD,GRAVY'S,NON VEG,CHICKEN DILRUBA,Great Galaxy,170 .00,,
FOOD,GRAVY'S,NON VEG,CHICKEN KOLHAPURI,Great Galaxy,170 .00,,
FOOD,GRAVY'S,NON VEG,CHICKEN SHAHI LURMA,Great Galaxy,170 .00,,
FOOD,GRAVY'S,NON VEG,CHICKEN SIMLA CURRY,Great Galaxy,170 .00,,
FOOD,GRAVY'S,NON VEG,CHICKEN KHEEMA CURRY,Great Galaxy,170 .00,,
FOOD,GRAVY'S,NON VEG,CHICKEN GINGER MASALA,Great Galaxy,170 .00,,
FOOD,GRAVY'S,NON VEG,CHICKEN GALAXY SPL,Great Galaxy,200 .00,,
FOOD,GRAVY'S,NON VEG,MUTTON CURRY,Great Galaxy,180 .00,,
FOOD,GRAVY'S,NON VEG,MUTTON MASALA,Great Galaxy,180 .00,,
FOOD,GRAVY'S,NON VEG,MUTTON KADAI,Great Galaxy,180 .00,,
FOOD,GRAVY'S,NON VEG,MUTTON MOGALAI,Great Galaxy,180 .00,,
FOOD,GRAVY'S,NON VEG,MUTTON GINGER MASALA,Great Galaxy,180 .00,,
FOOD,GRAVY'S,NON VEG,MUTTON KHEEMA CURRY,Great Galaxy,180 .00,,
FOOD,GRAVY'S,NON VEG,MUTTON AFGHANI,Great Galaxy,180 .00,,
FOOD,GRAVY'S,NON VEG,MUTTON DILRUBA,Great Galaxy,180 .00,,
FOOD,GRAVY'S,NON VEG,MUTTON SHAHI KURMA,Great Galaxy,180 .00,,
FOOD,GRAVY'S,NON VEG,MUTTON GALAXY SPL,Great Galaxy,220 . 00,,
FOOD,GRAVY'S,NON VEG,FISH CURRY,Great Galaxy,190 .00,,
FOOD,GRAVY'S,NON VEG,FISH MASALA,Great Galaxy,190 .00,,
FOOD,GRAVY'S,NON VEG,FISH GINGER MASALA,Great Galaxy,190 .00,,
FOOD,GRAVY'S,NON VEG,POILET FISH CURRY,Great Galaxy,190 .00,,
FOOD,GRAVY'S,NON VEG,POILET FISH MASALA,Great Galaxy,190 .00,,
FOOD,GRAVY'S,NON VEG,POILET FISH GINGER MASALA ,Great Galaxy,190 .00,,
FOOD,GRAVY'S,NON VEG,PRAWNS MASALA,Great Galaxy,200 .00,,
FOOD,GRAVY'S,NON VEG,PRAWNS KADAI,Great Galaxy,200 .00,,
FOOD,GRAVY'S,NON VEG,PRAWNS GINGER MASALA,Great Galaxy,200 .00,,
FOOD,BIRIYANI'S,NON VEG,CHICKEN DUM BIRIYANI,Great Galaxy,150 .00,,
FOOD,BIRIYANI'S,NON VEG,CHICKEN SPL BIRIYANI,Great Galaxy,170 .00,,
FOOD,BIRIYANI'S,NON VEG,MUTTON SPL BIRIYANI,Great Galaxy,180 .00,,
FOOD,BIRIYANI'S,NON VEG,PRAWNS BIRIYANI,Great Galaxy,190 .00,,
FOOD,BIRIYANI'S,NON VEG,FISH BIRIYANI (KATLA),Great Galaxy,170 .00,,
FOOD,BIRIYANI'S,NON VEG,POILET FISH BIRIYANI,Great Galaxy,190 .00,,
FOOD,BIRIYANI'S,NON VEG,EGG. BIRIYANI,Great Galaxy,120 .00,,
FOOD,BIRIYANI'S,NON VEG,BIRIYANI RICE,Great Galaxy,100 .00,,
FOOD,BIRIYANI'S,NON VEG,CHICKEN BIRIYANI,Great Galaxy,350 .00,,
FOOD,BIRIYANI'S,NON VEG,CHICKEN BIRIYANI,Great Galaxy,400 .00,,
FOOD,BIRIYANI'S,NON VEG,MUTTON SPL BIRIYANI,Great Galaxy,530 .00,,
FOOD,BIRIYANI'S,NON VEG,KUNDA BIRIYANI CHICKEN,Great Galaxy,600 .00,,
FOOD,BIRIYANI'S,NON VEG,KUNDA BIRIYANI MUTTON,Great Galaxy,700 .00,,
FOOD,RICE ITEMS,NON VEG,CHICKEN FRIED RICE,Great Galaxy,130. 00,,
FOOD,RICE ITEMS,NON VEG,MUTTON FRIED RICE,Great Galaxy,140. 00,,
FOOD,RICE ITEMS,NON VEG,MIXED FRIED RICE,Great Galaxy,200 .00,,
FOOD,RICE ITEMS,NON VEG,EGG FRIED RICE,Great Galaxy,100 .00,,
FOOD,RICE ITEMS,VEG.,JEERA RICE,Great Galaxy,90 .00,,
FOOD,RICE ITEMS,VEG.,VEG FRIED RICE,Great Galaxy,90 .00,,
FOOD,RICE ITEMS,VEG.,TOMATO FRIED RICE,Great Galaxy,90 .00,,
FOOD,RICE ITEMS,VEG.,GOBI FRIED RICE,Great Galaxy,90 .00,,
FOOD,RICE ITEMS,VEG.,GREEN PEAS PALAV,Great Galaxy,90 .00,,
FOOD,RICE ITEMS,VEG.,GHEE RICE,Great Galaxy,100 .00,,
FOOD,RICE ITEMS,VEG.,VEG BIRIYANI,Great Galaxy,110. 00,,
FOOD,RICE ITEMS,VEG.,CASHEWNUT FRIED NUT,Great Galaxy,110 .00,,
FOOD,RICE ITEMS,VEG.,PANEER CASHEW PALAV,Great Galaxy,110 .00,,
FOOD,RICE ITEMS,VEG.,MIXED VEG PALAV,Great Galaxy,110. 00,,
FOOD,RICE ITEMS,VEG.,PANEER FRIED RICE,Great Galaxy,110. 00,,
FOOD,RICE ITEMS,VEG.,MUSHROOM FRIED RICE,Great Galaxy,130 .00,,
FOOD,RICE ITEMS,VEG.,CURD RICE SPL,Great Galaxy,50. 00,,
FOOD,EGG ITEMS,VEG.,OMLET PLAIN,Great Galaxy,30 .00,,
FOOD,EGG ITEMS,VEG.,OMLET MASALA,Great Galaxy,40 .00,,
FOOD,EGG ITEMS,VEG.,EGG FRY,Great Galaxy,40 .00,,
FOOD,EGG ITEMS,VEG.,EGG CHILLY,Great Galaxy,40 .00,,
FOOD,EGG ITEMS,VEG.,EGG BURJI,Great Galaxy,40 .00,,
FOOD,EGG ITEMS,VEG.,EGG 65,Great Galaxy,80 .00,,
FOOD,EGG ITEMS,VEG.,EGG PAKODA,Great Galaxy,80 .00,,
FOOD,EGG ITEMS,VEG.,EGG MANCHURIA,Great Galaxy,80 .00,,
FOOD,EGG ITEMS,VEG.,EGG CURRY,Great Galaxy,90 .00,,
FOOD,EGG ITEMS,VEG.,EGG MASALA,Great Galaxy,90 .00,,
FOOD,EGG ITEMS,VEG.,EGG KADAI,Great Galaxy,90 .00,,
FOOD,EGG ITEMS,VEG.,BOILED EGG EACH,Great Galaxy,10 .00,,
FOOD,VEG. WET,VEG.,VEG MANCHURIA,Great Galaxy,130 .00,,
FOOD,VEG. WET,VEG.,PANEER CHILLY WET,Great Galaxy,130 .00,,
FOOD,VEG. WET,VEG.,MUSHROOM CHILLY WET,Great Galaxy,140 .00,,
FOOD,VEG. WET,VEG.,MUSHROOM MANCHURIA WET,Great Galaxy,140 .00,,
FOOD,VEG. WET,VEG.,ONION RING PAKODA,Great Galaxy,140. 00,,
FOOD,VEG. WET,VEG.,GOBI 65,Great Galaxy,140. 00,,
FOOD,VEG. WET,VEG.,GOBI MANCHURIA,Great Galaxy,90 .00,,
FOOD,VEG. WET,VEG.,CAPSICUM PAKODA,Great Galaxy,90 .00,,
FOOD,VEG. WET,VEG.,ALU JEERA,Great Galaxy,90 .00,,
FOOD,VEG. WET,VEG.,VEG MANCHURIA,Great Galaxy,90 .00,,
FOOD,VEG. WET,VEG.,VEG BULLET,Great Galaxy,90 .00,,
FOOD,VEG. WET,VEG.,VEG GOLD COIN,Great Galaxy,120 .00,,
FOOD,VEG. WET,VEG.,VEG SNOW BALLS,Great Galaxy,120 .00,,
FOOD,VEG. WET,VEG.,VEG SPRING BALLS,Great Galaxy,120 .00,,
FOOD,VEG. WET,VEG.,VEG NOODLES,Great Galaxy,100 .00,,
FOOD,VEG. WET,VEG.,PANNER PAKODA,Great Galaxy,150 .00,,
FOOD,VEG. WET,VEG.,PANNER 65,Great Galaxy,150 .00,,
FOOD,VEG. WET,VEG.,PANEER MANCHURIA,Great Galaxy,150 .00,,
FOOD,VEG. WET,VEG.,PANEER CHILLY,Great Galaxy,150 .00,,
FOOD,VEG. WET,VEG.,PANEER PEPPAR,Great Galaxy,150 .00,,
FOOD,VEG. WET,VEG.,BABY CORN 65,Great Galaxy,150 .00,,
FOOD,VEG. WET,VEG.,BABY CORN CHILLY,Great Galaxy,150 .00,,
FOOD,VEG. WET,VEG.,BABY CORN MANCHURIA,Great Galaxy,140 .00,,
FOOD,VEG. WET,VEG.,MUSHROOM PAPPER,Great Galaxy,140 .00,,
FOOD,VEG. WET,VEG.,MUSHROOM CHILLY,Great Galaxy,140 .00,,
FOOD,VEG. WET,VEG.,MASHROOM MANCHURIA,Great Galaxy,140 .00,,
FOOD,VEG. WET,VEG.,CASHEWNUT  NUT DRY,Great Galaxy,160 .00,,
FOOD,GRAVY'S,VEG.,DAL FRY,Great Galaxy,90 .00,,
FOOD,GRAVY'S,VEG.,TOMATO CURRY,Great Galaxy,90 .00,,
FOOD,GRAVY'S,VEG.,PLAIN PALAK,Great Galaxy,90 . 00,,
FOOD,GRAVY'S,VEG.,CAPSICUM MASALA,Great Galaxy,90 .00,,
FOOD,GRAVY'S,VEG.,MIXED VEGITABLE CURRY,Great Galaxy,90 .00,,
FOOD,GRAVY'S,VEG.,ALU GOBI,Great Galaxy,90 .00,,
FOOD,GRAVY'S,VEG.,GOBI MASALA,Great Galaxy,100 .00,,
FOOD,GRAVY'S,VEG.,ALU MUTTER,Great Galaxy,100 .00,,
FOOD,GRAVY'S,VEG.,GREEN PEAS MASALA,Great Galaxy,100. 00,,
FOOD,GRAVY'S,VEG.,VEGETABLE KADAI,Great Galaxy,100 .00,,
FOOD,GRAVY'S,VEG.,VEG JAIPURI,Great Galaxy,100 .00,,
FOOD,GRAVY'S,VEG.,MALAI KOFTHA,Great Galaxy,100 .00,,
FOOD,GRAVY'S,VEG.,PALAK PANEER,Great Galaxy,100 .00,,
FOOD,GRAVY'S,VEG.,PANEER BUTTER MASALA,Great Galaxy,100. 00,,
FOOD,GRAVY'S,VEG.,PANEER MUTTER,Great Galaxy,100 .00,,
FOOD,GRAVY'S,VEG.,BABY CORN PANEER,Great Galaxy,130 .00,,
FOOD,GRAVY'S,VEG.,BABY CORN MASALA,Great Galaxy,130 .00,,
FOOD,GRAVY'S,VEG.,VEG KHEEMA CURRY,Great Galaxy,130 .00,,
FOOD,GRAVY'S,VEG.,VEG KHOLHAPURI,Great Galaxy,130 .00,,
FOOD,GRAVY'S,VEG.,VEG MAHARANI,Great Galaxy,130 .00,,
FOOD,GRAVY'S,VEG.,VEG SAHI KURMA,Great Galaxy,130 .00,,
FOOD,GRAVY'S,VEG.,DAL MAKHANI,Great Galaxy,130 .00,,
FOOD,GRAVY'S,VEG.,MALI DAL,Great Galaxy,110 .00,,
FOOD,GRAVY'S,VEG.,KOFTHA DAL,Great Galaxy,110 .00,,
FOOD,GRAVY'S,VEG.,PANEER SHAHI KURMA,Great Galaxy,110 .00,,
FOOD,GRAVY'S,VEG.,PANEER CASHEW MASALA,Great Galaxy,110 .00,,
FOOD,GRAVY'S,VEG.,METHI CHEMAN,Great Galaxy,110 .00,,
FOOD,GRAVY'S,VEG.,BABY CORN CASHEW,Great Galaxy,140 .00,,
FOOD,GRAVY'S,VEG.,CASEW CURRY,Great Galaxy,140 .00,,
FOOD,GRAVY'S,VEG.,MUSHROOM MASALA,Great Galaxy,140 .00,,
FOOD,GRAVY'S,VEG.,BUTTER MUSHROOM ,Great Galaxy,140 .00,,
FOOD,GRAVY'S,VEG.,MALAI MUSHROOM,Great Galaxy,140 .00,,
FOOD,GRAVY'S,VEG.,NAVARATNA KURMA,Great Galaxy,140 .00,,
FOOD,GRAVY'S,VEG.,GALAXY SPL VEG,Great Galaxy,160 .00,,
FOOD,TANDOORI ROTI,VEG.,ROTI,Great Galaxy,15. 00,,
FOOD,TANDOORI ROTI,VEG.,BUTTER ROTI,Great Galaxy,15 .00,,
FOOD,TANDOORI ROTI,VEG.,PUDHINA ROTI,Great Galaxy,20 .00,,
FOOD,TANDOORI ROTI,VEG.,METHI ROTI,Great Galaxy,20 .00,,
FOOD,TANDOORI ROTI,VEG.,VEG ROTI,Great Galaxy,20 .00,,
FOOD,TANDOORI ROTI,VEG.,PLAIN NAAN,Great Galaxy,20 .00,,
FOOD,TANDOORI ROTI,VEG.,PLAIN KULCHA,Great Galaxy,25 .00,,
FOOD,TANDOORI ROTI,VEG.,PLAIN PAROTA,Great Galaxy,25 .00,,
FOOD,TANDOORI ROTI,VEG.,MISSI ROTI,Great Galaxy,25 .00,,
FOOD,TANDOORI ROTI,VEG.,RUMAL ROTI,Great Galaxy,25. 00,,
FOOD,TANDOORI ROTI,VEG.,BUTTER KULCHA,Great Galaxy,25 .00,,
FOOD,TANDOORI ROTI,VEG.,MASALA KULCHA,Great Galaxy,25 .00,,
FOOD,TANDOORI ROTI,VEG.,BUTTER NAAN,Great Galaxy,30 .00,,
FOOD,TANDOORI ROTI,VEG.,STUFFED NAAN,Great Galaxy,30 .00,,
FOOD,TANDOORI ROTI,VEG.,GARLIC NAAN,Great Galaxy,30 .00,,
FOOD,TANDOORI ROTI,VEG.,BUTTER PAROTA,Great Galaxy,30 .00,,
FOOD,TANDOORI ROTI,VEG.,PUDHINA PAROTA,Great Galaxy,30 .00,,
FOOD,TANDOORI ROTI,VEG.,CHICKEN KHEEMA NAAN,Great Galaxy,50 .00,,
FOOD,TANDOORI ROTI,VEG.,MUTTON KHEEMA NAAN,Great Galaxy,60 .00,,
FOOD,STARTERS, VEG,ONION PAKODA,Arabian Hut,80 . 00,,
FOOD,STARTERS, VEG,GOBI MANCHURIAN,Arabian Hut,90 . 00,,
FOOD,STARTERS, VEG,GOLD COIN MANCHURIAN,Arabian Hut,110 .00,,
FOOD,STARTERS, VEG,VEG MANCHURIAN,Arabian Hut,120 . 00,,
FOOD,STARTERS, VEG,MUSHROOM PAKODA,Arabian Hut,130 .00,,
FOOD,STARTERS, VEG,MUSHROOM MANCHURIAN,Arabian Hut,130 . 00,,
FOOD,STARTERS,VEG,MUSHROOM 65,Arabian Hut,130 . 00,,
FOOD,STARTERS,VEG,PANEER 65,Arabian Hut,150 . 00,,
FOOD,STARTERS,VEG,PANEER MANCHURIAN,Arabian Hut,150 . 00,,
FOOD,STARTERS, VEG,PANEER PAKODA,Arabian Hut,150 .00,,
FOOD,STARTERS, VEG,PANEER CHILLI,Arabian Hut,150 . 00,,
FOOD,STARTERS,NON VEG,CHICKEN MANGOLIA,Arabian Hut,160 . 00,,
FOOD,STARTERS,NON VEG,ARABIAN SPL CHICKEN,Arabian Hut,180 .00,,
FOOD,STARTERS,NON VEG,CHICKEN 65,Arabian Hut,150 .00,,
FOOD,STARTERS,NON VEG,CHILLI CHICKEN,Arabian Hut,170 .00,,
FOOD,STARTERS,NON VEG,PEPPER CHICKEN,Arabian Hut,170 .00,,
FOOD,STARTERS,NON VEG,CHICKEN DRUMSTICK,Arabian Hut,160 .00,,
FOOD,STARTERS,NON VEG,CHICKEN MAJESTICK,Arabian Hut,180 .00,,
FOOD,STARTERS,NON VEG,CHICKEN LOLLYPOP,Arabian Hut,160 .00,,
FOOD,STARTERS,NON VEG,LEMON CHICKEN,Arabian Hut,160 . 00,,
FOOD,STARTERS,NON VEG,CHICKEN 555,Arabian Hut,160 .00,,
FOOD,STARTERS,NON VEG,CHICKEN MAHARAJA,Arabian Hut,180 .00,,
FOOD,STARTERS,NON VEG,CHICKEN BULBULA,Arabian Hut,180 .00,,
FOOD,STARTERS,NON VEG,KERALA FRIED CHICKEN,Arabian Hut,160 .00,,
FOOD,STARTERS,NON VEG,CHICKEN ROAST,Arabian Hut,160 .00,,
FOOD,STARTERS,NON VEG,CASHEWNUT CHICKEN,Arabian Hut,180 .00,,
FOOD,STARTERS,NON VEG,RAYALASEEMA CHICKEN,Arabian Hut,160 .00,,
FOOD,STARTERS,NON VEG,GARLIC CHICKEN,Arabian Hut,150 .00,,
FOOD,STARTERS,NON VEG,CHICKEN LEAF,Arabian Hut,160. 00,,
FOOD,STARTERS,NON VEG,MUTTON 65,Arabian Hut,200 .00,,
FOOD,STARTERS,NON VEG,MUTTON MANCHURIAN,Arabian Hut,200 .00,,
FOOD,STARTERS,NON VEG,MUTTON MANGOLIA,Arabian Hut,200 .00,,
FOOD,STARTERS,NON VEG,MUTTON ROAST,Arabian Hut,200 .00,,
FOOD,STARTERS,NON VEG,MUTTON FRY,Arabian Hut,200 .00,,
FOOD,STARTERS,NON VEG,GARLIC MUTTON,Arabian Hut,200 .00,,
FOOD,STARTERS,NON VEG,PEPPER MUTTON,Arabian Hut,200 .00,,
FOOD,STARTERS,NON VEG,APPOLO FISH,Arabian Hut,180 .00,,
FOOD,STARTERS,NON VEG,PEPPER FISH,Arabian Hut,180 .00,,
FOOD,STARTERS,NON VEG,FISH MANCHURIAN,Arabian Hut,180 .00,,
FOOD,STARTERS,NON VEG,PRAWNS MANCHURIAN,Arabian Hut,200 .00,,
FOOD,STARTERS,NON VEG,CHILLI PRAWNS,Arabian Hut,200 .00,,
FOOD,STARTERS,NON VEG,LOOSE PRAWNS,Arabian Hut,200 .00,,
FOOD,STARTERS,NON VEG,LEGS (3 PCS),Arabian Hut,180 .00,,
FOOD,STARTERS,NON VEG,WINGS (4 PCS),Arabian Hut,130 .00,,
FOOD,STARTERS,NON VEG,BONELESS SLICES (4 PCS),Arabian Hut,150 .00,,
FOOD,STARTERS,NON VEG,ARABIAN TANDOORI FULL,Arabian Hut,370 .00,,
FOOD,STARTERS,NON VEG,ARABIAN TANDOORI HALF,Arabian Hut,200. 00,,
FOOD,STARTERS,NON VEG,TANDOORI CHICKEN FULL,Arabian Hut,300 .00,,
FOOD,STARTERS,NON VEG,TANDOORI CHICKEN HALF,Arabian Hut,160 .00,,
FOOD,STARTERS,NON VEG,TANGDI KABAB FULL,Arabian Hut,180. 00,,
FOOD,STARTERS,NON VEG,TANGDI KABAB HALF,Arabian Hut,100 .00,,
FOOD,STARTERS,NON VEG,CHICKEN TIKKA,Arabian Hut,180. 00,,
FOOD,STARTERS,NON VEG,RESHMI KABAB ,Arabian Hut,180. 00,,
FOOD,STARTERS,NON VEG,ARABIAN SPL KABAB,Arabian Hut,200. 00,,
FOOD,STARTERS,NON VEG,KALMI KABAB FULL,Arabian Hut,200. 00,,
FOOD,STARTERS,NON VEG,KALMI KABAB HALF,Arabian Hut,110 .00,,
FOOD,KADAI'S,VEG,CHEESE MASALA,Arabian Hut,140 .00,,
FOOD,KADAI'S,VEG,PANEER KADAI,Arabian Hut,140 .00,,
FOOD,KADAI'S,VEG,PANEER BUTTER MASALA,Arabian Hut,140. 00,,
FOOD,KADAI'S,VEG,PALAK PANEER,Arabian Hut,130 .00,,
FOOD,KADAI'S,VEG,PANEER KAJU MASALA,Arabian Hut,170 .00,,
FOOD,KADAI'S,VEG,KAJU MASALA,Arabian Hut,180 .00,,
FOOD,KADAI'S,VEG,SHAHI PANEER KURMA,Arabian Hut,140. 00,,
FOOD,KADAI'S,VEG,PANEER PASANDA,Arabian Hut,150 .00,,
FOOD,KADAI'S,VEG,PANEER DOPYAZA,Arabian Hut,150 .00,,
FOOD,KADAI'S,VEG,MIXED VEG. CURRY,Arabian Hut,130. 00,,
FOOD,KADAI'S,VEG,PANEER MUTTER MASALA,Arabian Hut,150 .00,,
FOOD,KADAI'S,VEG,VEG. KADAI,Arabian Hut,140 .00,,
FOOD,KADAI'S,VEG,VEG.KHEEMA MASALA,Arabian Hut,130 .00,,
FOOD,KADAI'S,VEG,VEG. KOFTA,Arabian Hut,150 .00,,
FOOD,KADAI'S,VEG,MALAI KOFTA ,Arabian Hut,170 .00,,
FOOD,KADAI'S,VEG,PANEER SHAHI KOFTA,Arabian Hut,170. 00,,
FOOD,KADAI'S,VEG,HARYALI KOFTA,Arabian Hut,170 .00,,
FOOD,KADAI'S,VEG,TOMATO FRY,Arabian Hut,80 .00,,
FOOD,KADAI'S,VEG,DAL FRY,Arabian Hut,70. 00,,
FOOD,KADAI'S,VEG,BUTTER DAL FRY,Arabian Hut,80 .00,,
FOOD,KADAI'S,VEG,GREEN PEAS MASALA,Arabian Hut,100 .00,,
FOOD,KADAI'S,VEG,ALU MUTTER,Arabian Hut,100 .00,,
FOOD,KADAI'S,VEG,CHANA MASALA,Arabian Hut,100 .00,,
FOOD,KADAI'S,VEG,CAPSICUM MASALA,Arabian Hut,130 .00,,
FOOD,KADAI'S,VEG,VEG.JAIPURI,Arabian Hut,150 .00,,
FOOD,KADAI'S,VEG,VEG. KOLHAPURI,Arabian Hut,150 . 00,,
FOOD,KADAI'S,VEG,TANDOORI ROTI,Arabian Hut,15 .00,,
FOOD,KADAI'S,VEG,BUTTER ROTI,Arabian Hut,20 .00,,
FOOD,KADAI'S,VEG,BUTTER NAAN,Arabian Hut,30 .00,,
FOOD,KADAI'S,VEG,PLAIN NAAN,Arabian Hut,25 .00,,
FOOD,KADAI'S,VEG,MASALA KULCHA,Arabian Hut,30 .00,,
FOOD,KADAI'S,VEG,BUTTER KULCHA,Arabian Hut,30 .00,,
FOOD,KADAI'S,VEG,ALU PARATHA,Arabian Hut,30 .00,,
FOOD,KADAI'S,VEG,PARATA,Arabian Hut,20 .00,,
FOOD,KADAI'S,VEG,METHI NAAN,Arabian Hut,30 .00,,
FOOD,KADAI'S,NON VEG,CHICKEN DUM BIRYANI,Arabian Hut,160 .00,,
FOOD,KADAI'S,NON VEG,SPL CHICKEN BIRYANI,Arabian Hut,180 .00,,
FOOD,KADAI'S,NON VEG,CHICKEN FAMILLY PACK,Arabian Hut,340 .00,,
FOOD,KADAI'S,NON VEG,CHICKEN JUMBO PACK,Arabian Hut,460 .00,,
FOOD,KADAI'S,NON VEG,MUTTON BIRYANI,Arabian Hut,200 .00,,
FOOD,KADAI'S,NON VEG,MUTTON SPL BIRYANI,Arabian Hut,220 .00,,
FOOD,KADAI'S,NON VEG,MUTTON FAMILLY PACK,Arabian Hut,380. 00,,
FOOD,KADAI'S,NON VEG,MUTTON JUMBO PACK,Arabian Hut,550 .00,,
FOOD,KADAI'S,NON VEG,FISH BIRIYANI,Arabian Hut,180 .00,,
FOOD,KADAI'S,NON VEG,PRAWNS BIRIYANI,Arabian Hut,200. 00,,
FOOD,KADAI'S,NON VEG,CHICKEN SAAGVALA,Arabian Hut,170 .00,,
FOOD,KADAI'S,NON VEG,MAHARAJA CHICKEN,Arabian Hut,170. 00,,
FOOD,KADAI'S,NON VEG,KADAI CHICKEN,Arabian Hut,170 .00,,
FOOD,KADAI'S,NON VEG,BUTTER CHICKEN,Arabian Hut,160 .00,,
FOOD,KADAI'S,NON VEG,METHI CHICKEN,Arabian Hut,160 .00,,
FOOD,KADAI'S,NON VEG,AFGHANI CHICKEN,Arabian Hut,170 .00,,
FOOD,KADAI'S,NON VEG,DUM KA CHICKEN,Arabian Hut,170 .00,,
FOOD,KADAI'S,NON VEG,PALAK CHICKEN,Arabian Hut,150 .00,,
FOOD,KADAI'S,NON VEG,RAYALASEEMA CHICKEN,Arabian Hut,160. 00,,
FOOD,KADAI'S,NON VEG,CHICKEN CURRY,Arabian Hut,150 .00,,
FOOD,KADAI'S,NON VEG,CHICKEN MASALA,Arabian Hut,150 .00,,
FOOD,KADAI'S,NON VEG,ANDHRA CHICKEN,Arabian Hut,160 .00,,
FOOD,KADAI'S,NON VEG,HYDERABADI CHICKEN,Arabian Hut,170 .00,,
FOOD,KADAI'S,NON VEG,CHILLI CHICKEN,Arabian Hut,150 .00,,
FOOD,KADAI'S,NON VEG,CHICKEN MANCHURIAN,Arabian Hut,150 .0 0,,
FOOD,KADAI'S,NON VEG,GARLIC CHICKEN,Arabian Hut,150 .00,,
FOOD,KADAI'S,NON VEG,GINGER CHICKEN,Arabian Hut,150 .00,,
FOOD,KADAI'S,NON VEG,CHICKEN KURMA,Arabian Hut,170 .00,,
FOOD,KADAI'S,NON VEG,ARABIAN SPL CHICKEN CURRY,Arabian Hut,180 .00,,
FOOD,KADAI'S,NON VEG,BUTTER MUTTON,Arabian Hut,180 .00,,
FOOD,KADAI'S,NON VEG,GINGER MUTTON,Arabian Hut,180. 00,,
FOOD,KADAI'S,NON VEG,GARLIC MUTTON,Arabian Hut,180 .00,,
FOOD,KADAI'S,NON VEG,MUTTON ROGAN JOSH,Arabian Hut,180 .00,,
FOOD,KADAI'S,NON VEG,MUTTON MASALA,Arabian Hut,180 .00,,
FOOD,KADAI'S,NON VEG,MUTTON MOGHALAI,Arabian Hut,200 .00,,
FOOD,KADAI'S,NON VEG,MUTTON AFGHANI,Arabian Hut,200 .00,,
FOOD,KADAI'S,NON VEG,RAYALASEEMA MUTTON,Arabian Hut,180 .00,,
FOOD,KADAI'S,NON VEG,ARABIAN SPL MUTTON,Arabian Hut,200. 00,,
FOOD,KADAI'S,NON VEG,FISH MASALA,Arabian Hut,160 .00,,
FOOD,KADAI'S,NON VEG,FISH CURRY,Arabian Hut,160 .00,,
FOOD,KADAI'S,NON VEG,KADAI FISH,Arabian Hut,170 .00,,
FOOD,KADAI'S,NON VEG,NELLORE FISH CURRY,Arabian Hut,170 .00,,
FOOD,KADAI'S,NON VEG,PRAWNS MASALA,Arabian Hut,180 .00,,
FOOD,KADAI'S,NON VEG,PRAWNS CURRY,Arabian Hut,180. 00,,
FOOD,KADAI'S,NON VEG,KADAI PRAWNS,Arabian Hut,180 .00,,
FOOD,KADAI'S,NON VEG,GINGER PRAWNS,Arabian Hut,180 .00,,
FOOD,RICE DELIGHTS,VEG,VEG.BIRIYANI,Arabian Hut,130. 00,,
FOOD,RICE DELIGHTS,VEG,NAVARATHAN PALAV,Arabian Hut,150 .00,,
FOOD,RICE DELIGHTS,VEG,VEG.PALAV,Arabian Hut,130 .00,,
FOOD,RICE DELIGHTS,VEG,PANEER BIRIYANI,Arabian Hut,150 .00,,
FOOD,RICE DELIGHTS,VEG,PLAIN BIRIYANI RICE,Arabian Hut,100 .00,,
FOOD,RICE DELIGHTS,VEG,GHEE RICE,Arabian Hut,100 .00,,
FOOD,RICE DELIGHTS,VEG,CURD RICE,Arabian Hut,50 .00,,
FOOD,FRIED RICE,VEG,VEG.FRIED RICE,Arabian Hut,100. 00,,
FOOD,FRIED RICE,VEG,SHEZWAN FRIED RICE,Arabian Hut,110 .00,,
FOOD,FRIED RICE,VEG,JEERA FRIED RICE,Arabian Hut,110 .00,,
FOOD,FRIED RICE,VEG,GOBI FRIED RICE,Arabian Hut,120. 00,,
FOOD,FRIED RICE,VEG,MUSHROOM FRIED RICE,Arabian Hut,130 .00,,
FOOD,FRIED RICE,VEG,PANEER FRIED,Arabian Hut,140 .00,,
FOOD,FRIED RICE,NON VEG,CHICKEN FRIED RICE,Arabian Hut,140 .00,,
FOOD,FRIED RICE,NON VEG,SPL CHICKEN FRIED RICE,Arabian Hut,160 .00,,
FOOD,FRIED RICE,NON VEG,SHEZWAN CHICKEN FRIED RICE,Arabian Hut,160 .00,,
FOOD,FRIED RICE,NON VEG,EGG FRIED RICE,Arabian Hut,120 .00,,
FOOD,FRIED RICE,NON VEG,MUTTON FRIED RICE,Arabian Hut,170 .00,,
FOOD,FRIED RICE,NON VEG,SPL MUTTON FRIED RICE,Arabian Hut,200 .00,,
FOOD,FRIED RICE,NON VEG,FISH FRIED RICE,Arabian Hut,150 .00,,
FOOD,FRIED RICE,NON VEG,PRAWNS FRIED RICE,Arabian Hut,170 .00,,
FOOD,BAKERY ITEMS,VEG,VEG.PIZZA,Arabian Hut,80 .00,,
FOOD,BAKERY ITEMS,VEG,VEG.AMERICAN PIZZA,Arabian Hut,120. 00,,
FOOD,BAKERY ITEMS,VEG,PANEER PIZZA,Arabian Hut,120 .00,,
FOOD,BAKERY ITEMS,VEG,MUSHROOM PIZZA,Arabian Hut,120 .00,,
FOOD,BAKERY ITEMS,VEG,SWEET CORN PIZZA,Arabian Hut,100 .00,,
FOOD,BAKERY ITEMS,VEG,VEG.ITALIAN PIZZA,Arabian Hut,120 .00,,
FOOD,BAKERY ITEMS,VEG,EXTRA CHEESE TOPPING,Arabian Hut,20 .00,,
FOOD,BAKERY ITEMS,NON VEG,CHICKEN AMERICAN PIZZA,Arabian Hut,140 .00,,
FOOD,BAKERY ITEMS,NON VEG,ARABIAN SPL PIZZA,Arabian Hut,150 .00,,
FOOD,BAKERY ITEMS,NON VEG,CHICKEN MUSHROOM PIZZA,Arabian Hut,140 .00,,
FOOD,BAKERY ITEMS,NON VEG,CHICKEN ITALIAN PIZZA,Arabian Hut,140 .00,,
FOOD,BAKERY ITEMS,NON VEG,CHICKEN CHEESE PIZZA,Arabian Hut,120 .00,,
FOOD,BAKERY ITEMS,NON VEG,EXTRA CHEESE TOPPING,Arabian Hut,20 .00,,
FOOD,BAKERY ITEMS,VEG,VEG.BURGER,Arabian Hut,60 .00,,
FOOD,BAKERY ITEMS,VEG,VEG.HAMBURGER ,Arabian Hut,90 .00,,
FOOD,BAKERY ITEMS,VEG,CHEESE BURGER,Arabian Hut,70 .00,,
FOOD,BAKERY ITEMS,VEG,EXTRA CHEESE BURGER,Arabian Hut,70 .00,,
FOOD,BAKERY ITEMS,NON VEG,CHICKEN BURGER,Arabian Hut,70 .00,,
FOOD,BAKERY ITEMS,NON VEG,CHICKEN CHEESE BURGER,Arabian Hut,90 .00,,
FOOD,BAKERY ITEMS,NON VEG,CHICKEN HAM BURGER,Arabian Hut,100 .00,,
FOOD,BAKERY ITEMS,NON VEG,EXTRA CHEESE TOPPING,Arabian Hut,20 .00,,
FOOD,MILK SHAKES,VEG,CHOCOLATE ,Arabian Hut,70 .00,,
FOOD,MILK SHAKES,VEG,BUTTER SCOTCH,Arabian Hut,70 .00,,
FOOD,MILK SHAKES,VEG,STRAWBERRY,Arabian Hut,70 .00,,
FOOD,MILK SHAKES,VEG,VANNILA,Arabian Hut,60 .00,,
FOOD,MILK SHAKES,VEG,BLUE BERRY,Arabian Hut,70 .00,,
FOOD,MILK SHAKES,VEG,BLACK CURRENT,Arabian Hut,70 .00,,
FOOD,MILK SHAKES,VEG,KIWI,Arabian Hut,80 .00,,
FOOD,MILK SHAKES,VEG,LITCHI,Arabian Hut,80 .00,,
FOOD,MILK SHAKES,VEG,GREEN APPLE ,Arabian Hut,80 .00,,
FOOD,PASTRI'S PLAVOUR,VEG,APPLE ,Arabian Hut,550 .00,,
FOOD,PASTRI'S PLAVOUR,VEG,APRICOT ,Arabian Hut,600. 00,,
FOOD,PASTRI'S PLAVOUR,VEG,BUTTER SCOTCH ,Arabian Hut,450 .00,,
FOOD,PASTRI'S PLAVOUR,VEG,BLACK FOREST ,Arabian Hut,500 .00,,
FOOD,PASTRI'S PLAVOUR,VEG,BANANA ,Arabian Hut,450 .00,,
FOOD,PASTRI'S PLAVOUR,VEG,BLUE BERRY ,Arabian Hut,600. 00,,
FOOD,PASTRI'S PLAVOUR,VEG,BLACK CURRENT ,Arabian Hut,600. 00,,
FOOD,PASTRI'S PLAVOUR,VEG,CHOCOLATE TURFUL ,Arabian Hut,800. 00,,
FOOD,PASTRI'S PLAVOUR,VEG,CHOCOLATE ,Arabian Hut,500. 00,,
FOOD,PASTRI'S PLAVOUR,VEG,CHOCO STRAWBERRY,Arabian Hut,550 .00,,
FOOD,PASTRI'S PLAVOUR,VEG,CHOCO ALMOND,Arabian Hut,700 .00,,
FOOD,PASTRI'S PLAVOUR,VEG,CHOCO VANILLA,Arabian Hut,550. 00,,
FOOD,PASTRI'S PLAVOUR,VEG,CHOCO BLUE BERRY,Arabian Hut,700 .00,,
FOOD,PASTRI'S PLAVOUR,VEG,CHEESE,Arabian Hut,700. 00,,
FOOD,PASTRI'S PLAVOUR,VEG,FRSH FRUIT,Arabian Hut,700 .00,,
FOOD,PASTRI'S PLAVOUR,VEG,ITALIAN CHOCOLATE ,Arabian Hut,999. 00,,
FOOD,PASTRI'S PLAVOUR,VEG,KIWI,Arabian Hut,700 .00,,
FOOD,PASTRI'S PLAVOUR,VEG,KHAJUR,Arabian Hut,600. 00,,
FOOD,PASTRI'S PLAVOUR,VEG,KAJU ,Arabian Hut,650. 00,,
FOOD,PASTRI'S PLAVOUR,VEG,LITCHI ,Arabian Hut,600. 00,,
FOOD,PASTRI'S PLAVOUR,VEG,MANGO,Arabian Hut,550 .00,,
FOOD,PASTRI'S PLAVOUR,VEG,ORANGE,Arabian Hut,500 .00,,
FOOD,PASTRI'S PLAVOUR,VEG,PINEAPPALE,Arabian Hut,400 .00,,
FOOD,PASTRI'S PLAVOUR,VEG,STRAWBERRY,Arabian Hut,450. 00,,
FOOD,PASTRI'S PLAVOUR,VEG,SAPOTA,Arabian Hut,500 .00,,
FOOD,PASTRI'S PLAVOUR,VEG,VANILLA,Arabian Hut,500 .00,,
FOOD,PASTRI'S PLAVOUR,VEG,WHITE FOREST,Arabian Hut,550 .00,,
FOOD,PASTRI'S PLAVOUR,VEG,PISTA,Arabian Hut,800 .00,,
FOOD,PASTRI'S PLAVOUR,VEG,CHOCO FRESH FRUIT,Arabian Hut,800 .00,,
FOOD,PASTRI'S PLAVOUR,VEG,DRY FRUITS,Arabian Hut,1100 .00,,
FOOD,STARTERS,VEG,GOBI MANCHURIAN,SS PARADISE,109 .00,,
FOOD,STARTERS,VEG,GOBI 65,SS PARADISE,109 .00,,
FOOD,STARTERS,VEG,CRISPY CHILLI POTATO,SS PARADISE,119 .00,,
FOOD,STARTERS,VEG,VEG.MANCHURIAN,SS PARADISE,139 .00,,
FOOD,STARTERS,VEG,VEG.SPRING ROLL,SS PARADISE,139 .00,,
FOOD,STARTERS,VEG,SHANGAI VEG,SS PARADISE,149 .00,,
FOOD,STARTERS,VEG,CRICSPY FRIED VEG,SS PARADISE,159 .00,,
FOOD,STARTERS,VEG,MUSHROOM MANCHURIAN,SS PARADISE,159 .00,,
FOOD,STARTERS,VEG,CHILLY MUSHROOM,SS PARADISE,159. 00,,
FOOD,STARTERS,VEG,MUSHROOM 65,SS PARADISE,159 .00,,
FOOD,STARTERS,VEG,BABY CORN MANCHURIAN,SS PARADISE,159 .00,,
FOOD,STARTERS,VEG,CHILLY BABY CORN,SS PARADISE,159 .00,,
FOOD,STARTERS,VEG,BABY CORN 65,SS PARADISE,159 .00,,
FOOD,STARTERS,VEG,PANEER MAJESTIC,SS PARADISE,159. 00,,
FOOD,STARTERS,VEG,PANEER 65,SS PARADISE,159 .00,,
FOOD,STARTERS,VEG,VEG.LOLLIPOP ,SS PARADISE,159 .00,,
FOOD,STARTERS,VEG,CRISPY KHAJU CORN,SS PARADISE,159 .00,,
FOOD,STARTERS,VEG,S.S SPL VEG DRY,SS PARADISE,169 .00,,
FOOD,STARTERS,VEG,VEG. PLATTER,SS PARADISE,299 .00,,
FOOD,STARTERS,NON VEG,BOILED EGG,SS PARADISE,39 .00,,
FOOD,STARTERS,NON VEG,MASALA OMLET,SS PARADISE,99 .00,,
FOOD,STARTERS,NON VEG,EGG BURJI,SS PARADISE,109 .00,,
FOOD,STARTERS,NON VEG,EGG MASALA,SS PARADISE,109 .00,,
FOOD,STARTERS,NON VEG,CHILLY EGG,SS PARADISE,119 .00,,
FOOD,STARTERS,NON VEG,CHILLI CHICKEN,SS PARADISE,169. 00,,
FOOD,STARTERS,NON VEG,CHICKEN 65,SS PARADISE,169 .00,,
FOOD,STARTERS,NON VEG,CHICKEN MANCHURIAN,SS PARADISE,169 .00,,
FOOD,STARTERS,NON VEG,CHICKEN SPRING ROLL,SS PARADISE,169 .00,,
FOOD,STARTERS,NON VEG,PEPPER CHICKEN ,SS PARADISE,179 .00,,
FOOD,STARTERS,NON VEG,SPICY FRIED CHICKEN ,SS PARADISE,179 .00,,
FOOD,STARTERS,NON VEG,PEPPER GARLIC CHICKEN,SS PARADISE,179 .00,,
FOOD,STARTERS,NON VEG,CHICKEN MAJESTICK,SS PARADISE,189 .00,,
FOOD,STARTERS,NON VEG,SHEZWAN CHICKEN ,SS PARADISE,189. 00,,
FOOD,STARTERS,NON VEG,CHICKEN DRUM STICK,SS PARADISE,199 .00,,
FOOD,STARTERS,NON VEG,KAJU CHICKEN ,SS PARADISE,199. 00,,
FOOD,STARTERS,NON VEG,CHICKEN LOLIPOP,SS PARADISE,199 .00,,
FOOD,STARTERS,NON VEG,S.S SPL CHICKEN DRY,SS PARADISE,199 .00,,
FOOD,STARTERS,NON VEG,MUTTON FRY,SS PARADISE,209 .00,,
FOOD,STARTERS,NON VEG,CHILLY FISH ,SS PARADISE,229 .00,,
FOOD,STARTERS,NON VEG,SPICY FRIED FISH,SS PARADISE,229 .00,,
FOOD,STARTERS,NON VEG,APPOLO FISH,SS PARADISE,229 .00,,
FOOD,STARTERS,NON VEG,SEZWAN FISH,SS PARADISE,229 .00,,
FOOD,STARTERS,NON VEG,PEPPER FISH,SS PARADISE,229 .00,,
FOOD,STARTERS,NON VEG,CHILLY PRAWNS ,SS PARADISE,229 .00,,
FOOD,STARTERS,NON VEG,SHEZWAN PRAWNS,SS PARADISE,229 .00,,
FOOD,STARTERS,NON VEG,PEPPER PRAWNS,SS PARADISE,229 .00,,
FOOD,STARTERS,NON VEG,LOOSE PRAWNS,SS PARADISE,229 . 00 ,,
FOOD,STARTERS,NON VEG,BUTTER GARLIC PRAWNS,SS PARADISE,299. 00,,
FOOD,CHINESE WET & NOODELES,VEG,VEG MANCHURIAN,SS PARADISE,139 .00,,
FOOD,CHINESE WET & NOODELES,VEG,VEG.HOT& GARLICK SAUCE,SS PARADISE,139 .00,,
FOOD,CHINESE WET & NOODELES,VEG,SWEET & SOUR SAUCE,SS PARADISE,139 .00,,
FOOD,CHINESE WET & NOODELES,NON VEG,SWEET & SOUP CHICKEN,SS PARADISE,159 .00,,
FOOD,CHINESE WET & NOODELES,NON VEG,CHICKEN CHILLI WET,SS PARADISE,159 .00,,
FOOD,CHINESE WET & NOODELES,NON VEG,GINGER CHICKEN WET,SS PARADISE,159 .00,,
FOOD,CHINESE WET & NOODELES,NON VEG,SEZWAN PRAWNS WET,SS PARADISE,21 9. 0 0,,
FOOD,CHINESE WET & NOODELES,VEG,VEG.SOFT NOODLES,SS PARADISE,119. 00,,
FOOD,CHINESE WET & NOODELES,VEG,VEG. HAKKA NOODLES,SS PARADISE,129 .00,,
FOOD,CHINESE WET & NOODELES,VEG,VEG.SEZWAN NOODLES,SS PARADISE,129 .00,,
FOOD,CHINESE WET & NOODELES,VEG,EGG.SOFT NOODLES,SS PARADISE,139 .00,,
FOOD,CHINESE WET & NOODELES,VEG,VEG.AMERICAN CHOPSY,SS PARADISE,149 .00,,
FOOD,CHINESE WET & NOODELES,VEG,VEG. CHINESE CHOPSY,SS PARADISE,149. 00,,
FOOD,CHINESE WET & NOODELES,NON VEG,CHICKEN SOFT NOODLES,SS PARADISE,149 .00,,
FOOD,CHINESE WET & NOODELES,NON VEG,AMERICAN CHOPSY ,SS PARADISE,169 .00,,
FOOD,CHINESE WET & NOODELES,NON VEG,CHINESE CHOPSY (NV),SS PARADISE,169 .00,,
FOOD,CHINESE WET & NOODELES,VEG,S.S MIX NOODLES ,SS PARADISE,149 .00,,
FOOD,CHINESE WET & NOODELES,NON VEG,S.S MIX NOODLES (NV),SS PARADISE,159 .00,,
FOOD,BIRIYANI'S,NON VEG,CHICKEN DUM BIRIYANI,SS PARADISE,169 .00,,
FOOD,BIRIYANI'S,NON VEG,SPL.CHICKEN BIRIYANI (BL),SS PARADISE,189 .00,,
FOOD,BIRIYANI'S,NON VEG,MUTTON BIRIYANI,SS PARADISE,219. 00,,
FOOD,BIRIYANI'S,NON VEG,FISH BIRIYANI,SS PARADISE,219 .00,,
FOOD,BIRIYANI'S,NON VEG,PRAWNS BIRIYANI,SS PARADISE,229 .00,,
FOOD,BIRIYANI'S,NON VEG,VEG.DUM BIRIYANI,SS PARADISE,149 .00,,
FOOD,BIRIYANI'S,NON VEG,VEG. PALAV,SS PARADISE,149. 00,,
FOOD,BIRIYANI'S,NON VEG,MUSHROOM BIRIYANI,SS PARADISE,159 .00,,
FOOD,BIRIYANI'S,NON VEG,NARATHAN PALAV,SS PARADISE,159 .00,,
FOOD,BIRIYANI'S,NON VEG,EGG BIRIYANI,SS PARADISE,159 .00,,
FOOD,BIRIYANI'S,NON VEG,PLAIN RICE,SS PARADISE,49 .00,,
FOOD,BIRIYANI'S,NON VEG,CURD RICE,SS PARADISE,69 .00,,
FOOD,ROTI'S,VEG,ROTI,SS PARADISE,20 .00,,
FOOD,ROTI'S,VEG,BUTTER ROTI,SS PARADISE,24. 00,,
FOOD,ROTI'S,VEG,PLAIN ROTI,SS PARADISE,25. 00,,
FOOD,ROTI'S,VEG,BUTTER NAAN,SS PARADISE,29. 00,,
FOOD,ROTI'S,VEG,GARLIC NAAN,SS PARADISE,35 .00,,
FOOD,ROTI'S,VEG,KULCHA,SS PARADISE,35. 00,,
FOOD,ROTI'S,VEG,BUTTER KULCHA,SS PARADISE,39. oo,,
FOOD,ROTI'S,VEG,MASALA KULCHA,SS PARADISE,42. 00,,
FOOD,ROTI'S,VEG,STUFFED KULCHA,SS PARADISE,42. 00,,
FOOD,ROTI'S,VEG,ONION KULCHA ,SS PARADISE,37 .00,,
FOOD,ROTI'S,VEG,PAROTA ,SS PARADISE,32. 00,,
FOOD,ROTI'S,VEG,ALU PAROTA,SS PARADISE,42. 00,,
FOOD,ROTI'S,VEG,PUDINA PAROTA,SS PARADISE,39. 00,,
FOOD,ROTI'S,VEG,PANEER PAROTA,SS PARADISE,39 .00,,
FOOD,ROTI'S,VEG,GOBI PAROTA,SS PARADISE,39. 00,,
FOOD,ROTI'S,VEG,LACHA PAROTA,SS PARADISE,39. 00,,
FOOD,ROTI'S,VEG,ROTI BASKET,SS PARADISE,119 .00,,
FOOD,ROTI'S,VEG,SS MIX ROTI BASKET,SS PARADISE,169. 00,,
FOOD,CURRIES,VEG.,PALAK PANEER,SS PARADISE,159 .00,,
FOOD,CURRIES,VEG.,PANEER BUTTER MASALA,SS PARADISE,159 .00,,
FOOD,CURRIES,VEG.,PANEER CHATPAT,SS PARADISE,159 .00,,
FOOD,CURRIES,VEG.,PANEER PASANDA,SS PARADISE,159 .00,,
FOOD,CURRIES,VEG.,PANEER KOFTA,SS PARADISE,169 .00,,
FOOD,CURRIES,VEG.,ALU GOBI MUTTER,SS PARADISE,159 .00,,
FOOD,CURRIES,VEG.,KADAI PANEER ,SS PARADISE,169 .00,,
FOOD,CURRIES,VEG.,PANEER SHAHI KURMA,SS PARADISE,169 .00,,
FOOD,CURRIES,VEG.,TOMATO CURRY,SS PARADISE,109 .00,,
FOOD,CURRIES,VEG.,PLAIN PALAK ,SS PARADISE,109 .00,,
FOOD,CURRIES,VEG.,TAWA VEG.,SS PARADISE,149 .00,,
FOOD,CURRIES,VEG.,KADAI VEG.,SS PARADISE,169. 00,,
FOOD,CURRIES,VEG.,VEG.KANDHARI,SS PARADISE,159 .00,,
FOOD,CURRIES,VEG.,DAL TADKA,SS PARADISE,109 .00,,
FOOD,CURRIES,VEG.,DAL FRY ,SS PARADISE,109 .00,,
FOOD,CURRIES,VEG.,MIX VEG.CURRY,SS PARADISE,159. 00,,
FOOD,CURRIES,VEG.,VEG.METHI CHAMAN,SS PARADISE,159 .00,,
FOOD,CURRIES,VEG.,MALAI KOFTHA,SS PARADISE,159 .00,,
FOOD,CURRIES,VEG.,CAPSICUM MASALA,SS PARADISE,159 .00,,
FOOD,CURRIES,VEG.,BABY CORN MUSHROOM MASALA,SS PARADISE,169 .00,,
FOOD,CURRIES,VEG.,MUSHROOM MASALA,SS PARADISE,169 .00,,
FOOD,CURRIES,VEG.,BABY CORN MASALA,SS PARADISE,169 .00,,
FOOD,CURRIES,VEG.,KADAI MASHUROOM,SS PARADISE,169 .00,,
FOOD,CURRIES,VEG.,VEG.JAL FRY,SS PARADISE,159 .00,,
FOOD,CURRIES,VEG.,VEG. KOFTHA,SS PARADISE,159. 00,,
FOOD,CURRIES,VEG.,GOBI MASALA,SS PARADISE,159 .00,,
FOOD,CURRIES,VEG.,KAJU PANEER MASALA,SS PARADISE,169 .00,,
FOOD,CURRIES,VEG.,KAJU MASALA,SS PARADISE,169 .00,,
FOOD,CURRIES,VEG.,VEG.KOLHAPURI,SS PARADISE,159 .00,,
FOOD,CURRIES,VEG.,MUSHROOM Koftha,SS PARADISE,159 .00,,
FOOD,CURRIES,VEG.,SS SPL VEG. CURRY,SS PARADISE,169 .00,,
FOOD,CURRIES,NON VEG,TAWA CHICKEN,SS PARADISE,189 .00,,
FOOD,CURRIES,NON VEG,CHICKEN TIKKA MASALA,SS PARADISE,199 .00,,
FOOD,CURRIES,NON VEG,CHICKEN DO-PYAZA,SS PARADISE,179 .00,,
FOOD,CURRIES,NON VEG,METHI CHICKEN,SS PARADISE,179 .00,,
FOOD,CURRIES,NON VEG,KADAI CHICKEN,SS PARADISE,189. 00,,
FOOD,CURRIES,NON VEG,CHICKEN PUNJABI,SS PARADISE,189 .00,,
FOOD,CURRIES,NON VEG,CHICKEN SAGWALA,SS PARADISE,179 .00,,
FOOD,CURRIES,NON VEG,CHICKEN KHANDHARI,SS PARADISE,179 .00,,
FOOD,CURRIES,NON VEG,BUTTER CHICKEN,SS PARADISE,179 .00,,
FOOD,CURRIES,NON VEG,CHICKEN AFGHANI,SS PARADISE,189 .00,,
FOOD,CURRIES,NON VEG,CHICKEN MASALA,SS PARADISE,179 .00,,
FOOD,CURRIES,NON VEG,CHICKEN HYEDERABADI,SS PARADISE,189. 00,,
FOOD,CURRIES,NON VEG,CHICKEN MOGHALAI,SS PARADISE,189 .00,,
FOOD,CURRIES,NON VEG,CHICKEN BAGDHADI,SS PARADISE,189 .00,,
FOOD,CURRIES,NON VEG,TANDOORI CHI MASALA (B),SS PARADISE,179 .00,,
FOOD,CURRIES,NON VEG,ANDHRA CHI MASALA (B),SS PARADISE,179. 00,,
FOOD,CURRIES,NON VEG,SS SPL CHICKEN CURRY,SS PARADISE,199 .00,,
FOOD,CURRIES,NON VEG,KADAI MUTTON,SS PARADISE,209 .00,,
FOOD,CURRIES,NON VEG,MUTTON MASALA ,SS PARADISE,209 .00,,
FOOD,CURRIES,NON VEG,BHUNA GOSH,SS PARADISE,209 .00,,
FOOD,CURRIES,NON VEG,MUTTON ROGAN JOSH,SS PARADISE,209 .00,,
FOOD,CURRIES,NON VEG,METHI MUTTON,SS PARADISE,209 .00,,
FOOD,CURRIES,NON VEG,ANDHRA MUTTON CURRY,SS PARADISE,209 .00,,
FOOD,CURRIES,NON VEG,SS SPL MUTTON CURRY,SS PARADISE,219. 00,,
FOOD,CURRIES,NON VEG,KADAI FISH,SS PARADISE,219 .00,,
FOOD,CURRIES,NON VEG,FISH MASALA,SS PARADISE,219 .00,,
FOOD,CURRIES,NON VEG,FISH TIKKA MASALA,SS PARADISE,219 .00,,
FOOD,CURRIES,NON VEG,PRAWNS MASALA,SS PARADISE,219 .00,,
FOOD,CURRIES,NON VEG,KADAI PRAWNS,SS PARADISE,219 .00,,
FOOD,TANDOORI ,VEG,HARA BARA KEBAB,SS PARADISE,159. 00,,
FOOD,TANDOORI ,VEG,PANEER TIKKA,SS PARADISE,159 .00,,
FOOD,TANDOORI ,VEG,PANEER ACHARI TIKKA,SS PARADISE,159 .00,,
FOOD,TANDOORI ,VEG,MOTI MUSHROOM KEBAB,SS PARADISE,159 .00,,
FOOD,TANDOORI ,NON VEG,TANDOORI CHICKEN HALF,SS PARADISE,189 .00,,
FOOD,TANDOORI ,NON VEG,TANDOORI CHICKEN FULL,SS PARADISE,349 .00,,
FOOD,TANDOORI ,NON VEG,TANGIDI KEBAB HALF,SS PARADISE,129 .00,,
FOOD,TANDOORI ,NON VEG,TANGIDI KEBAB FULL,SS PARADISE,249 .00,,
FOOD,TANDOORI ,NON VEG,KALMI KEBAB HALF,SS PARADISE,129. 00,,
FOOD,TANDOORI ,NON VEG,KALMI KEBAB FULL,SS PARADISE,259 .00,,
FOOD,TANDOORI ,NON VEG,CHICKEN TIKKA,SS PARADISE,189 .00,,
FOOD,TANDOORI ,NON VEG,HARIYALI CHICKEN KEBAB,SS PARADISE,189 .00,,
FOOD,TANDOORI ,NON VEG,CHILLI GARLIC CHI.KEBAB,SS PARADISE,189 .00,,
FOOD,TANDOORI ,NON VEG,RESHMI KEBAB,SS PARADISE,189 .00,,
FOOD,TANDOORI ,NON VEG,CHICKEN BAR B-Q,SS PARADISE,229. 00,,
FOOD,TANDOORI ,NON VEG,MURG MALAI TIKKA,SS PARADISE,189 .00,,
FOOD,TANDOORI ,NON VEG,ANDHRA CHICKEN TIKKA,SS PARADISE,189 .00,,
FOOD,TANDOORI ,NON VEG,MURG KALI MIRCHI TIKKA,SS PARADISE,189 .00,,
FOOD,TANDOORI ,NON VEG,CHICKEN LEHARI KEBAB,SS PARADISE,189 .00,,
FOOD,TANDOORI ,NON VEG,MUTTON SHEEK KEBAB,SS PARADISE,229. 00,,
FOOD,TANDOORI ,NON VEG,HARIYALI FISH TIKKA,SS PARADISE,229 .00,,
FOOD,TANDOORI ,NON VEG,CHILLI GARLIC FISH TIKKA,SS PARADISE,229 .00,,
FOOD,TANDOORI ,NON VEG,FISH TIKKA,SS PARADISE,229 .00,,
FOOD,TANDOORI ,NON VEG,SS SPL TANDOORI PLATTER ,SS PARADISE,399 .00,,
FOOD,FRIED RICE ITEMS,VEG,VEG.FRIED RICE,SS PARADISE,119 .00,,
FOOD,FRIED RICE ITEMS,VEG,SEZWAN CORN FRIED RICE,SS PARADISE,129 .00,,
FOOD,FRIED RICE ITEMS,VEG,MUSHROOM FRIED RICE,SS PARADISE,139 .00,,
FOOD,FRIED RICE ITEMS,VEG,CHILLI GARLIC FRIED RICE,SS PARADISE,139 .00,,
FOOD,FRIED RICE ITEMS,VEG,BABY CORN MUSHROOM FRIED RICE,SS PARADISE,139 .00,,
FOOD,FRIED RICE ITEMS,VEG,PANEER FRIED RICE,SS PARADISE,139 .00,,
FOOD,FRIED RICE ITEMS,VEG,JEERA RICE,SS PARADISE,119 .00,,
FOOD,FRIED RICE ITEMS,VEG,EGG FRIED RICE,SS PARADISE,129 .00,,
FOOD,FRIED RICE ITEMS,NON VEG,CHICKEN FRIED RICE,SS PARADISE,149 .00,,
FOOD,FRIED RICE ITEMS,NON VEG,SEZWAN CHICKEN FRIED RICE,SS PARADISE,149 .00,,
FOOD,FRIED RICE ITEMS,NON VEG,CHILLI GARLIC CHICKEN FRIED RICE,SS PARADISE,159 .00,,
FOOD,FRIED RICE ITEMS,NON VEG,PRAWNS FRIED RICE,SS PARADISE,169 .00,,
FOOD,FRIED RICE ITEMS,VEG,SS SPL MIXED FRIED RICE VEG,SS PARADISE,149 .00,,
FOOD,FRIED RICE ITEMS,NON VEG,SS SPL MIX FRIED RICE ,SS PARADISE,169 .00,,
FOOD,FAMILLY PACKS,NON VEG,CHICKEN BIRIYANI (2C.B+1/2 CHICKEN 65),SS PARADISE,409. 00,,
FOOD,FAMILLY PACKS,NON VEG,SPL.CHICKEN BIRIYANI  (2C.B+1/2 CHICKEN 65),SS PARADISE,489 .00,,
FOOD,FAMILLY PACKS,NON VEG,MUTTON BIRIYANI (2 M.B+1/2 CHICKEN 65),SS PARADISE,499. 00,,
FOOD,FAMILLY PACKS,NON VEG,FISH BIRIYANI (2 F.B +1/2 CHICKEN 65),SS PARADISE,499. 00,,
FOOD,FAMILLY PACKS,NON VEG,PRAWANS BIRIYANI (2 P.B + 1/2 CHICKEN 65),SS PARADISE,499. 00,,
FOOD,FAMILLY PACKS,NON VEG,VEG.BIRIYANI (2 V.B + 1/2 GOBI 65 ),SS PARADISE,359 .00,,
FOOD,FAMILLY PACKS,NON VEG,CHICKEN KUNDA BIRYANI,Ss PARADISE,499. 00,,
FOOD,PAPAD,VEG,MASALA PAPAD,EMERALD VEG,40 .00,,
FOOD,PAPAD,VEG,ONION PAPAD,EMERALD VEG,30 .00,,
FOOD,PAPAD,VEG,FRIED PAPAD,EMERALD VEG,25 .00,,
FOOD,PAPAD,VEG,PLAIN PAPAD,EMERALD VEG,25 .00,,
FOOD,PAPAD,VEG,TOMATO PAPAD,EMERALD VEG,30 .00,,
FOOD,RAITHA,VEG,ONION RAITHA,EMERALD VEG,40 .00,,
FOOD,RAITHA,VEG,TOMATO RAITHA,EMERALD VEG,40 .00,,
FOOD,RAITHA,VEG,VEGETABLE RAITHA,EMERALD VEG,40 .00,,
FOOD,RAITHA,VEG,CUCUMBER RAITHA,EMERALD VEG,40 .00,,
FOOD,TANDOORI,VEG,BUTTER NAAN,EMERALD VEG,35 .00,,
FOOD,TANDOORI,VEG,NAAN,EMERALD VEG,30 .00,,
FOOD,TANDOORI,VEG,BUTTER KULCHA,EMERALD VEG,35 .00,,
FOOD,TANDOORI,VEG,STUFFED KULCHA,EMERALD VEG,50 .00,,
FOOD,TANDOORI,VEG,ROTI ,EMERALD VEG,25 .00,,
FOOD,TANDOORI,VEG,GARLIC ROTI ,EMERALD VEG,30 .00,,
FOOD,TANDOORI,VEG,BUTTER ROTI,EMERALD VEG,30 .00,,
FOOD,TANDOORI,VEG,PAROTA,EMERALD VEG,35 .00,,
FOOD,TANDOORI,VEG,BUTTER PAROTA,EMERALD VEG,40 .00,,
FOOD,TANDOORI,VEG,ALU PAROTA,EMERALD VEG,50 .00,,
FOOD,TANDOORI,VEG,SPE. PAROTA,EMERALD VEG,55 .00,,
FOOD,TANDOORI,VEG,KASHMIRI NAAN,EMERALD VEG,50 .00,,
FOOD,RICE ITEM,VEG,JEERA RICE,EMERALD VEG,90 .00,,
FOOD,RICE ITEM,VEG,GHEE RICE,EMERALD VEG,100 .00,,
FOOD,RICE ITEM,VEG,HARIYALI RICE,EMERALD VEG,90 .00,,
FOOD,RICE ITEM,VEG,PUDINA RICE,EMERALD VEG,90 .00,,
FOOD,RICE ITEM,VEG,VEG FRIED RICE,EMERALD VEG,90 .00,,
FOOD,RICE ITEM,VEG,PANNER FRIED RICE,EMERALD VEG,100 .00,,
FOOD,RICE ITEM,VEG,MUSHROOM FRIED RICE,EMERALD VEG,100 .00,,
FOOD,RICE ITEM,VEG,GOBI FRIED RICE,EMERALD VEG,100 .00,,
FOOD,RICE ITEM,VEG,CAPSICUM FRIED RICE,EMERALD VEG,100 .00,,
FOOD,RICE ITEM,VEG,KAJU FRIED RICE,EMERALD VEG,120 .00,,
FOOD,RICE ITEM,VEG,VEG. BIRIYANI,EMERALD VEG,90 .00,,
FOOD,RICE ITEM,VEG,SHAHI BIRIYANI,EMERALD VEG,100 .00,,
FOOD,RICE ITEM,VEG,HANDI BIRIYANI,EMERALD VEG,120 .00,,
FOOD,RICE ITEM,VEG,KASHMIRI PALAV,EMERALD VEG,110. 00,,
FOOD,RICE ITEM,VEG,CURD RICE,EMERALD VEG,20 .00,,
FOOD,RICE ITEM,VEG,SPL CURD RICE,EMERALD VEG,30 .00,,
FOOD,RICE ITEM,VEG,VEG. SOFT NOODLES,EMERALD VEG,100 .00,,
FOOD,RICE ITEM,VEG,GOBI NOODLES,EMERALD VEG,110 .00,,
FOOD,RICE ITEM,VEG,FRIED RICE WITH NOODLES,EMERALD VEG,110 .00,,
FOOD,NOODLES,VEG,VEG SOFT NOODLES,EMERALD VEG,100 .00,,
FOOD,NOODLES,VEG,FRIED RICE WITH NOODLES,EMERALD VEG,110 .00,,
FOOD,SPL VEGETABLES,VEG,KAJU PANJABI,EMERALD VEG,160 .00,,
FOOD,SPL VEGETABLES,VEG,KAJU PANNEER,EMERALD VEG,170 .00,,
FOOD,SPL VEGETABLES,VEG,KAJU KADAI,EMERALD VEG,190 .00,,
FOOD,SPL VEGETABLES,VEG,MUSHROOM KADAI,EMERALD VEG,170. 00,,
FOOD,SPL VEGETABLES,VEG,PANEER KADAI,EMERALD VEG,170. 00,,
FOOD,SPL VEGETABLES,VEG,VEG. KADAI,EMERALD VEG,150. 00,,
FOOD,SPL VEGETABLES,VEG,KAJU PANEER KADAI,EMERALD VEG,200 .00,,
FOOD,SPL VEGETABLES,VEG,PANNER MOGHALAI,EMERALD VEG,150. 00,,
FOOD,SPL VEGETABLES,VEG,SHAHI PANNER,EMERALD VEG,150 .00,,
FOOD,SPL VEGETABLES,VEG,MAITHI PANEER,EMERALD VEG,150. 00,,
FOOD,SPL VEGETABLES,VEG,MUSHROOM BUTTER MASALA,EMERALD VEG,140. 00,,
FOOD,SPL VEGETABLES,VEG,GOBI PUNJABI,EMERALD VEG,110 .00,,
FOOD,SPL VEGETABLES,VEG,GINGER GOBI,EMERALD VEG,110 .00,,
FOOD,SPL VEGETABLES,VEG,GINGER CAPSICUM,EMERALD VEG,120 .00,,
FOOD,SPL VEGETABLES,VEG,STUFFED CAPSICUM,EMERALD VEG,130 .00,,
FOOD,SPL VEGETABLES,VEG,THIRANG SPL,EMERALD VEG,130 .00,,
FOOD,SPL VEGETABLES,VEG,EMERALD SPL,EMERALD VEG,170 .00,,
FOOD,SPL VEGETABLES,VEG,VEGETABLE SIZZLER,EMERALD VEG,180 .00,,
FOOD,SPL VEGETABLES,VEG,METHI VEGETABLE,EMERALD VEG,110 .00,,
FOOD,SPL VEGETABLES,VEG,NAVARATNA KURMA,EMERALD VEG,140. 00,,
FOOD,SPL VEGETABLES,VEG,VEGETABLE JAIPURI,EMERALD VEG,150 .00,,
FOOD,SPL VEGETABLES,VEG,SHAHI KURMA,EMERALD VEG,120 .00,,
FOOD,SPL VEGETABLES,VEG,SIMLA MIRCHI MASALA,EMERALD VEG,130. 00,,
FOOD,SPL VEGETABLES,VEG,CHEF SPL,EMERALD VEG,180. 00,,
FOOD,SPL VEGETABLES,VEG,BABY CORN SPL,EMERALD VEG,170 .00,,
FOOD,SPL VEGETABLES,VEG,KAJU BABY CORN SPL,EMERALD VEG,190. 00,,
FOOD,VEGETABLES,VEG,PANNEER BUTTER MASALA,EMERALD VEG,130. 00,,
FOOD,VEGETABLES,VEG,PANNEER MUTTER,EMERALD VEG,120 .00,,
FOOD,VEGETABLES,VEG,PANNEER BURJI,EMERALD VEG,130 .00,,
FOOD,VEGETABLES,VEG,PANNEER KOFTA,EMERALD VEG,130. 00,,
FOOD,VEGETABLES,VEG,PANNEER PUNJABI,EMERALD VEG,130. 00,,
FOOD,VEGETABLES,VEG,PANEER KEEMA,EMERALD VEG,120 .00,,
FOOD,VEGETABLES,VEG,PANEER PALAK,EMERALD VEG,120. 00,,
FOOD,VEGETABLES,VEG,PLAIN PALAK,EMERALD VEG,110. 00,,
FOOD,VEGETABLES,VEG,DAL FRY,EMERALD VEG,100 .00,,
FOOD,VEGETABLES,VEG,DAL THADKA,EMERALD VEG,120 .00,,
FOOD,VEGETABLES,VEG,HARYALI DAL,EMERALD VEG,110. 00,,
FOOD,VEGETABLES,VEG,CHANA MASALA,EMERALD VEG,100 .00,,
FOOD,VEGETABLES,VEG,GREEN PIECE MASALA,EMERALD VEG,100 .00,,
FOOD,VEGETABLES,VEG,ALU MASALA,EMERALD VEG,100 .00,,
FOOD,VEGETABLES,VEG,ALU PALAK,EMERALD VEG,100 .00,,
FOOD,VEGETABLES,VEG,ALU BURJI,EMERALD VEG,100 .00,,
FOOD,VEGETABLES,VEG,ALU MUTTER,EMERALD VEG,100 .00,,
FOOD,VEGETABLES,VEG,ALU GOBI,EMERALD VEG,100. 00,,
FOOD,VEGETABLES,VEG,ALU DUM,EMERALD VEG,130 .00,,
FOOD,VEGETABLES,VEG,TOMATO BARTA,EMERALD VEG,100 .00,,
FOOD,VEGETABLES,VEG,STUFFED TOMATO,EMERALD VEG,110 .00,,
FOOD,VEGETABLES,VEG,MALAI KOFTHA,EMERALD VEG,130 .00,,
FOOD,VEGETABLES,VEG,HARIYALI KOFTHA,EMERALD VEG,120 .00,,
FOOD,VEGETABLES,VEG,MIXED VEG CURRY,EMERALD VEG,110 .00,,
FOOD,VEGETABLES,VEG,VEG.KHEEMA,EMERALD VEG,110 .00,,
FOOD,VEGETABLES,VEG,VEG.BUTTER MASALA,EMERALD VEG,120 .00,,
FOOD,VEGETABLES,VEG,VEG.PUNJABI,EMERALD VEG,140 .00,,
FOOD,VEGETABLES,VEG,VEG. DO-PYAZ,EMERALD VEG,150. 00,,
Food,Starters,Veg,paneer Chilli,Ruchi's,160 .00,,
Food,Starters,Veg,Paneer 65,Ruchi's,160 .00,,
Food,Starters,Veg,Paneer Mnchurian,Ruchi's,160 .00,,
Food,Starters,Veg,Paneer Schezwan,Ruchi's,170 .00,,
Food,Starters,Veg,Paneer Pakoda,Ruchi's,170 .00,,
Food,Starters,Veg,Mushroom Chilly,Ruchi's,160 .00,,
Food,Starters,Veg, mushroom 65,Ruchi's,160 .00,,
Food,Starters,Veg,Mushroom Manchurian,Ruchi's,160 .00,,
Food,Starters,Veg,Mushroom Pepper,Ruchi's,170 .00,,
Food,Starters,Veg,Mushroom Schezwan,Ruchi's,170 .00,,
Food,Starters,Veg,Crispcy Corn,Ruchi's,160 .00,,
Food,Starters,Veg,Lose Corn,Ruchi's,160 .00,,
Food,Starters,Veg,BabyCorn Chilly ,Ruchi's,160 .00,,
Food,Starters,Veg,Babycorn 65,Ruchi's,160. 00,,
Food,Starters,Veg,Babycorn Manchurian,Ruchi's,170 .00,,
Food,Starters,Veg,Babycorn Schezwan,Ruchi's,170 .00,,
Food,Starters,Veg,Veg 65,Ruchi's,150 .00,,
Food,Starters,Veg,Veg Manchurian ,Ruchi's,150 .00,,
Food,Starters,Veg,Veg patiyala,Ruchi's,150 .00,,
Food,Starters,Veg,Veg lollypop,Ruchi's,160 .00,,
Food,Starters,Veg,Veg Bullet,Ruchi's,160 .00,,
Food,Starters,Veg,Veg Sizzler,Ruchi's,160 .00,,
Food,Starters,Veg,Gobi Manchurian,Ruchi's,110 .00,,
Food,Starters,Veg,Gobi65/ Chilly,Ruchi's,100 .00,,
Food,Starters,Veg,Onion Ring Pakoda,Ruchi's,80 .00,,
Food,Starters,Veg,Capsicum Pakoda,Ruchi's,90 .00,,
Food,Starters,Veg,Cashewnut Dry,Ruchi's,190 .00,,
Food,Starters,Veg,Veg Ruchis spl Dry,Ruchi's,180 .00,,
Food,Starters,Non Veg,Chicken Fry/Rost,Ruchi's,170 .00,,
Food,Starters,Non Veg,Chicken chilly,Ruchi's,170 .00,,
Food,Starters,Non Veg,Chicken 65,Ruchi's,180 .00,,
Food,Starters,Non Veg,Chicken Kabab,Ruchi's,180 .00,,
Food,Starters,Non Veg,Chicken Pepper,Ruchi's,180 .00,,
Food,Starters,Non Veg,Chicken Manchurian,Ruchi's,180 .00,,
Food,Starters,Non Veg,Chicken Sizzler,Ruchi's,190 .00,,
Food,Starters,Non Veg,Chicken Cashew Nut,Ruchi's,190 .00,,
Food,Starters,Non Veg,Chicken celontikka,Ruchi's,190 .00,,
Food,Starters,Non Veg,chicken Kemma Balls,Ruchi's,190 .00,,
Food,Starters,Non Veg,Chicken Imperial,Ruchi's,190 .00,,
Food,Starters,Non Veg,Chicken Appolo,Ruchi's,190 .00,,
Food,Starters,Non Veg,Chicken Leaf,Ruchi's,190 .00,,
Food,Starters,Non Veg,Chicken Garlic,Ruchi's,190 .00,,
Food,Starters,Non Veg,Chicken Mejistick,Ruchi's,200 .00,,
Food,Starters,Non Veg,Chicken Drumstick,Ruchi's,200 .00,,
Food,Starters,Non Veg,Chicken  lolly pop,Ruchi's,200 .00,,
Food,Starters,Non Veg,Chicken HongKong,Ruchi's,200 .00,,
Food,Starters,Non Veg,Chicken Schezwan,Ruchi's,200 .00,,
Food,Starters,Non Veg,Thumsup Chicken ,Ruchi's,250 .00,,
Food,Starters,Non Veg,Chicken Ruchis Special,Ruchi's,250 .00,,
Food,Natu Kodi SPL,Non Veg,Natu Kodi Fry,Ruchi's,260 .00,,
Food,Natu Kodi SPL,Non Veg,Natu Kodi Roast,Ruchi's,260 .00,,
Food,Natu Kodi SPL,Non Veg,Natu Kodi Cilly,Ruchi's,260 .00,,
Food,Natu Kodi SPL,Non Veg,Natukodi Curry,Ruchi's,200 .00,,
Food,Mutton Most Loved,Non Veg,Mutton Roast,Ruchi's,200 .00,,
Food,Mutton Most Loved,Non Veg,Mutton Fry,Ruchi's,200 .00,,
Food,Mutton Most Loved,Non Veg,Mutton Chilly,Ruchi's,210 .00,,
Food,Mutton Most Loved,Non Veg,Mutton Pepper,Ruchi's,210 .00,,
Food,Mutton Most Loved,Non Veg,Mutton Manchurian,Ruchi's,210 .00,,
Food,Mutton Most Loved,Non Veg,mutton Mangolian,Ruchi's,220 .00,,
Food,Mutton Most Loved,Non Veg,Mutton Ginger,Ruchi's,220 .00,,
Food,Mutton Most Loved,Non Veg,Mutton Keema Balls,Ruchi's,220 .00,,
Food,Mutton Most Loved,Non Veg,Mutton keema Fry,Ruchi's,220 .00,,
Food,Starters,Non Veg,Fish Chilly,Ruchi's,200 .00,,
Food,Starters,Non Veg,Fish 65,Ruchi's,200 .00,,
Food,Starters,Non Veg,Fish Pepper,Ruchi's,200 .00,,
Food,Starters,Non Veg,Fish Appolo,Ruchi's,200 .00,,
Food,Starters,Non Veg,Fish Sesami,Ruchi's,200 .00,,
Food,Fresh Water Prawns,Non Veg,Prawans Chilly,Ruchi's,220 .00,,
Food,Fresh Water Prawns,Non Veg,Prawns Manchurian,Ruchi's,220 .00,,
Food,Fresh Water Prawns,Non Veg,Prawns Garlic ,Ruchi's,220 .00,,
Food,Fresh Water Prawns,Non Veg,Prawns Schezwan,Ruchi's,220 .00,,
Food,Fresh Water Prawns,Non Veg,Prawns Sesami,Ruchi's,220 .00,,
Food,Fresh Water Prawns,Non Veg,Ruchis Special Prawns,Ruchi's,250 .00,,
Food,Tadoori,Non Veg,Chicken Tandoori Full,Ruchi's,350 .00,,
Food,Tadoori,Non Veg,Chicken Tandoori Half,Ruchi's,180 .00,,
Food,Tadoori,Non Veg,Tangadi Chicken Full,Ruchi's,240 .00,,
Food,Tadoori,Non Veg,Tangadi Chicken Half,Ruchi's,120 .00,,
Food,Tadoori,Non Veg,Chicken Tikka,Ruchi's,200 .00,,
Food,Egg,Non Veg,Egg Chilly,Ruchi's,110 .00,,
Food,Egg,Non Veg,Egg Burjii,Ruchi's,110 .00,,
Food,Egg,Non Veg,Egg 65,Ruchi's,120 .00,,
Food,Egg,Non Veg,Egg Machurian ,Ruchi's,120 .00,,
Food,Main Course Veg,Veg,Mix Veg Curry/Kadai,Ruchi's,140 .00,,
Food,Main Course Veg,Veg,Veg Butter,Ruchi's,140 .00,,
Food,Main Course Veg,Veg,Veg Jayapoori/Kohlapoori,Ruchi's,140 .00,,
Food,Main Course Veg,Veg,Veg  koftha,Ruchi's,150 .00,,
Food,Main Course Veg,Veg,Veg Maharani ,Ruchi's,150 .00,,
Food,Main Course Veg,Veg,Veg Maharani ,Ruchi's,150 .00,,
Food,Main Course Veg,Veg,Veg Mogalai,Ruchi's,150 .00,,
Food,Main Course Veg,Veg,Paneer kadai,Ruchi's,160 .00,,
Food,Main Course Veg,Veg,Paneer Butter,Ruchi's,160 .00,,
Food,Main Course Veg,Veg,Paneer Palak,Ruchi's,160 .00,,
Food,Main Course Veg,Veg,Paneer Kaju Curry,Ruchi's,170 .00,,
Food,Main Course Veg,Veg,Paneer Shahi Curry,Ruchi's,170 .00,,
Food,Main Course Veg,Veg,Methi chaman ,Ruchi's,170 .00,,
Food,Main Course Veg,Veg,Mushroom curry,Ruchi's,160 .00,,
Food,Main Course Veg,Veg,Mushroom Butter ,Ruchi's,160 .00,,
Food,Main Course Veg,Veg,Mushroom Kadai,Ruchi's,160 .00,,
Food,Main Course Veg,Veg,Mushroom Malai,Ruchi's,160 .00,,
Food,Main Course Veg,Veg,Babycorn Curry,Ruchi's,160 .00,,
Food,Main Course Veg,Veg,Babycorn Butter,Ruchi's,160 .00,,
Food,Main Course Veg,Veg,Babycorn Kadai,Ruchi's,160 .00,,
Food,Main Course Veg,Veg,Babycorn Kaju,Ruchi's,170 .00,,
Food,Main Course Veg,Veg,Kaju Curry,Ruchi's,160 .00,,
Food,Main Course Veg,Veg,Dhall Fry /Thadaka,Ruchi's,120 .00,,
Food,Main Course Veg,Veg,Capsicum Curry,Ruchi's,110 .00,,
Food,Main Course Veg,Veg,Tomoto Curry,Ruchi's,110 .00,,
Food,Main Course Veg,Veg,Plain Palak,Ruchi's,110 .00,,
Food,Chicken Grevies,Non Veg,Dum ka Chicken curry Bones,Ruchi's,160 .00,,
Food,Chicken Grevies,Non Veg,Chicken Dahi Curry Bones,Ruchi's,160 .00,,
Food,Chicken Grevies,Non Veg,Chicken Curry,Ruchi's,170 .00,,
Food,Chicken Grevies,Non Veg,Chicken Butter,Ruchi's,170 .00,,
Food,Chicken Grevies,Non Veg,Chicken Kadia,Ruchi's,170 .00,,
Food,Chicken Grevies,Non Veg,Chicken punjabi,Ruchi's,170. 00,,
Food,Chicken Grevies,Non Veg,Chicken  moghalai,Ruchi's,1800 .00,,
Food,Chicken Grevies,Non Veg,Chicken Maharani,Ruchi's,180 .00,,
Food,Chicken Grevies,Non Veg,Chicken Rayalaseema,Ruchi's,180 .00,,
Food,Chicken Grevies,Non Veg,Chicken Methi,Ruchi's,180 .00,,
Food,Chicken Grevies,Non Veg,Chicken Palak,Ruchi's,180 .00,,
Food,Chicken Grevies,Non Veg,Chicken Ginger Masala,Ruchi's,190 .00,,
Food,Chicken Grevies,Non Veg,Chicken Rajadhani,Ruchi's,190 .00,,
Food,Chicken Grevies,Non Veg,Chicken keema Curry,Ruchi's,190 .00,,
Food,Chicken Grevies,Non Veg,Chicken Rezaia,Ruchi's,200 .00,,
Food,Chicken Grevies,Non Veg,Chicken Ruchis Special,Ruchi's,200 .00,,
Food,Mutton Grevies,Non Veg,Mutton Curry,Ruchi's,200 .00,,
Food,Mutton Grevies,Non Veg,Mutton Butter,Ruchi's,200 .00,,
Food,Mutton Grevies,Non Veg, mutton Kadiwala,Ruchi's,200 .00,,
Food,Mutton Grevies,Non Veg,Mutton  DhoPhyja,Ruchi's,220 .00,,
Food,Mutton Grevies,Non Veg,Mutton Roghan Josh,Ruchi's,220 .00,,
Food,Mutton Grevies,Non Veg,Mutton Rayalaseema ,Ruchi's,220 .00,,
Food,Mutton Grevies,Non Veg,Mutton Ginger Masala,Ruchi's,220 .00,,
Food,Mutton Grevies,Non Veg,Mutton Keema Curry,Ruchi's,220 .00,,
Food,Fish & Prawns Grevies,Non Veg,Fish Curry,Ruchi's,190 .00,,
Food,Fish & Prawns Grevies,Non Veg,Prawns Curry,Ruchi's,190 .00,,
Food,Fish & Prawns Grevies,Non Veg,Prawns Ginger Masala,Ruchi's,190 .00,,
Food,Fish & Prawns Grevies,Non Veg,Prawns Green curry,Ruchi's,200 .00,,
Food,Egg,Non Veg,Egg Curry,Ruchi's,100 .00,,
Food,Egg,Non Veg,Egg Masala ,Ruchi's,100 .00,,
Food,Rotis,Veg,Roti Plain,Ruchi's,20 .00,,
Food,Rotis,Veg,Butter Roti,Ruchi's,25 .00,,
Food,Rotis,Veg,pudina Roti,Ruchi's,25 .00,,
Food,Rotis,Veg,Methi Roti,Ruchi's,25 .00,,
Food,Rotis,Veg,Veg Roti,Ruchi's,25 .00,,
Food,Rotis,Veg,Plain Naan,Ruchi's,30 .00,,
Food,Rotis,Veg,Plain Kulcha,Ruchi's,30 .00,,
Food,Rotis,Veg,Butter Naan,Ruchi's,35 .00,,
Food,Rotis,Veg,Plain parota,Ruchi's,30 .00,,
Food,Rotis,Veg,Butter Kulcha,Ruchi's,35 .00,,
Food,Rotis,Veg,Masala kulcha,Ruchi's,40 .00,,
Food,Rotis,Veg,Stuffed Naan,Ruchi's,40 .00,,
Food,Rotis,Veg,Garlic Naan,Ruchi's,50 .00,,
Food,Rotis,Veg,Pudina Parota,Ruchi's,30 .00,,
Food,Rotis,Veg,Butter parota,Ruchi's,30 .00,,
Food,Rotis,Non Veg,Chicken Keema Naan,Ruchi's,60 .00,,
Food,Rotis,Non Veg,Mutton Keema Naan,Ruchi's,70 .00,,
Food,Biryanis ,Non Veg,Chicken Dum Biryani ,Ruchi's,170 .00,,
Food,Biryanis ,Non Veg,Chicken SPL Biryani,Ruchi's,190 .00,,
Food,Biryanis ,Non Veg,Mutton Spl Biryani,Ruchi's,240 .00,,
Food,Biryanis ,Non Veg,Prawns Biryani,Ruchi's,250 .00,,
Food,Biryanis ,Non Veg,Fish Biryani,Ruchi's,240 .00,,
Food,Biryanis ,Non Veg,Egg Biryani ,Ruchi's,150 .00,,
Food,Biryanis ,Non Veg,Biryani Rice,Ruchi's,110 .00,,
Food,Familly Packs,Non Veg,Chicken Dum Biryani ,Ruchi's,430 .00,,
Food,Familly Packs,Non Veg,Chicken SPL Biryani,Ruchi's,500 .00,,
Food,Familly Packs,Non Veg,Mutton Spl Biryani,Ruchi's,650 .00,,
Food,Familly Packs,Non Veg,Pot Biryani Chicken with bones,Ruchi's,600 .00,,
Food,Chinies Fried Rice,Non Veg,Chicken Fried Rice ,Ruchi's,160 .00,,
Food,Chinies Fried Rice,Non Veg,Mutton Fried Rice,Ruchi's,180. 00,,
Food,Chinies Fried Rice,Non Veg,Egg Fried Rice,Ruchi's,120 .00,,
Food,Chinies Fried Rice,Non Veg,Schezwan Friedrice Chicken,Ruchi's,170 .00,,
Food,Chinies Fried Rice,Non Veg,Schezwan Friedrice Mutton,Ruchi's,190 .00,,
Food,Chinies Fried Rice,Non Veg,Schezwan Friedrice Egg,Ruchi's,130 .00,,
Food,Veg Fried Rice,Veg,Veg Fried Rice,Ruchi's,110 .00,,
Food,Veg Fried Rice,Veg,Schezwan Fried rice,Ruchi's,120 .00,,
Food,Veg Fried Rice,Veg,Mushroom Fried Rice,Ruchi's,150 .00,,
Food,Indian Fried Rice,Veg,Ghee Rice ,Ruchi's,120 .00,,
Food,Indian Fried Rice,Veg,Jeera Rice,Ruchi's,110 .00,,
Food,Indian Fried Rice,Veg,Tomato Rice,Ruchi's,110 .00,,
Food,Indian Fried Rice,Veg,Gobi Fried Rice,Ruchi's,110 .00,,
Food,Indian Fried Rice,Veg,Cashewnut fried Rice,Ruchi's,160 .00,,
Food,Indian Fried Rice,Veg,Paneer Fried Rice,Ruchi's,160 .00,,
Food,Indian Fried Rice,Veg,Veg Biryani ,Ruchi's,130 .00,,
Food,Indian Fried Rice,Veg,Veg Palav,Ruchi's,140 .00,,
Food,Indian Fried Rice,Veg,Curd Rice,Ruchi's,50 .00,,
Food,Chicken Tandoori Dry,Non Veg,Chicken Tikka,Empire,190 .00,,
Food,Chicken Tandoori Dry,Non Veg,Garlic Tikka,Empire,200 .00,,
Food,Chicken Tandoori Dry,Non Veg,Hyderabadi Tikka,Empire,200 .00,,
Food,Chicken Tandoori Dry,Non Veg,Tangdi Kebab 4 pieces,Empire,220 .00,,
Food,Chicken Tandoori Dry,Non Veg,Checken Kavai,Empire,200 .00,,
Food,Chicken Tandoori Dry,Non Veg,Kalmi Kabab 3 pieces,Empire,200 .00,,
Food,Chicken Tandoori Dry,Non Veg,Rani Tangdi Kebab,Empire,230 .00,,
Food,Chicken Tandoori Dry,Non Veg,Kasturi Kabab,Empire,260 .00,,
Food,Chicken Tandoori Dry,Non Veg,Chicken Tandoori Half,Empire,200. 00,,
Food,Chicken Tandoori Dry,Non Veg,Chicken Tandoori Full,Empire,360 .00,,
Food,Chicken Dry,Non Veg,Chilli Chicken ,Empire,160 .00,,
Food,Chicken Dry,Non Veg,Chicken Manchuria,Empire,160 .00,,
Food,Chicken Dry,Non Veg,Chicken Roast,Empire,160 .00,,
Food,Chicken Dry,Non Veg,Chicken 65,Empire,160 .00,,
Food,Chicken Dry,Non Veg,Chicken Kebab,Empire,160 .00,,
Food,Chicken Dry,Non Veg,Chicken Fry,Empire,170 .00,,
Food,Chicken Dry,Non Veg,Chicken Pepper,Empire,170 .00,,
Food,Chicken Dry,Non Veg,Chicken Kassa,Empire,170 .00,,
Food,Chicken Dry,Non Veg,Chicken Mangolia,Empire,180 .00,,
Food,Chicken Dry,Non Veg,Chicken Garlic,Empire,180 .00,,
Food,Chicken Dry,Non Veg,Chicken Ginger,Empire,180 .00,,
Food,Chicken Dry,Non Veg,Chicken Apollo,Empire,200 .00,,
Food,Chicken Dry,Non Veg,Chicken Drumstick,Empire,200 .00,,
Food,Chicken Dry,Non Veg,Chicken 555,Empire,200 .00,,
Food,Chicken Dry,Non Veg,Chicken Classic ,Empire,190 .00,,
Food,Chicken Dry,Non Veg,Chicken Lalipop,Empire,200 .00,,
Food,Chicken Dry,Non Veg,Chicken Casewnut,Empire,200 .00,,
Food,Chicken Dry,Non Veg,Chicken Majestic ,Empire,200 .00,,
Food,Chicken Dry,Non Veg,Chicken Rajadhani,Empire,200 .00,,
Food,Chicken Dry,Non Veg,Chicken Rayalaseema,Empire,200 .00,,
Food,Chicken Dry,Non Veg,Chicken Celone Tikka 8 pcs,Empire,210 .00,,
Food,Chicken Dry,Non Veg,Chicken Kheema Balls,Empire,250 .00,,
Food,Chicken Dry,Non Veg,Empire Chicken SPL,Empire,230 .00,,
Food,Mutton Dry,Non Veg,Mutton Frfy,Empire,200 .00,,
Food,Mutton Dry,Non Veg,Mutton Chilli,Empire,200 .00,,
Food,Mutton Dry,Non Veg,Mutton Kassa,Empire,200 .00,,
Food,Mutton Dry,Non Veg,Mutton Pepper ,Empire,200 .00,,
Food,Mutton Dry,Non Veg,Mutton Munchuria,Empire,200 .00,,
Food,Mutton Dry,Non Veg,Mutton Ginger Dry,Empire,200 .00,,
Food,Mutton Dry,Non Veg,Mutton 65,Empire,200 .00,,
Food,Mutton Dry,Non Veg,Mutton Mangolia,Empire,210 .00,,
Food,Mutton Dry,Non Veg,Empire Mutton SPL,Empire,230 .00,,
Food,Fish Dry,Non Veg,Fish Chilli,Empire,190 .00,,
Food,Fish Dry,Non Veg,Fish applolo ,Empire,190 .00,,
Food,Fish Dry,Non Veg,Fish Chatpata,Empire,190 .00,,
Food,Fish Dry,Non Veg,Fish Fry,Empire,190 .00,,
Food,Fish Dry,Non Veg,Kandari Fish,Empire,190 .00,,
Food,Fish Dry,Non Veg,Fish Ginger Dry,Empire,190 .00,,
Food,Prawns Dry,Non Veg,Prawns Fry ,Empire,210 .00,,
Food,Prawns Dry,Non Veg,Prawns Chilli ,Empire,210 .00,,
Food,Prawns Dry,Non Veg,Prawns Pepper,Empire,210 .00,,
Food,Prawns Dry,Non Veg,Prawns Ginger Dry,Empire,210 .00,,
Food,Prawns Dry,Non Veg,Prawns Golden,Empire,210 .00,,
Food,Prawns Dry,Non Veg,Loose Prawns,Empire,210 .00,,
Food,Chicken Gravy,Non Veg,Chicken Curry,Empire,160 .00,,
Food,Chicken Gravy,Non Veg,Chicken Masala,Empire,170 .00,,
Food,Chicken Gravy,Non Veg,Chicken Butter,Empire,170 .00,,
Food,Chicken Gravy,Non Veg,Chicken Kadai,Empire,170 .00,,
Food,Chicken Gravy,Non Veg,Chicken Ryalaseema,Empire,170 .00,,
Food,Chicken Gravy,Non Veg,Chicken Maharani,Empire,170 .00,,
Food,Chicken Gravy,Non Veg,Chicken Mumtaz,Empire,180 .00,,
Food,Chicken Gravy,Non Veg,Chicken Methi,Empire,180 .00,,
Food,Chicken Gravy,Non Veg,Chicken Moghalai,Empire,180 .00,,
Food,Chicken Gravy,Non Veg,Chicken Noorani,Empire,180 .00,,
Food,Chicken Gravy,Non Veg,Chicken Kolhapuri,Empire,190 .00,,
Food,Chicken Gravy,Non Veg,Chicken Hyderabad ,Empire,190 .00,,
Food,Chicken Gravy,Non Veg,Chicken Punjabi,Empire,200 .00,,
Food,Chicken Gravy,Non Veg,Chicken Nawabi,Empire,210 .00,,
Food,Chicken Gravy,Non Veg,Chicken Irani ,Empire,220 .00,,
Food,Chicken Gravy,Non Veg,Chicken Tikka Masala 8 pcs,Empire,230 .00,,
Food,Chicken Gravy,Non Veg,Chicken Naahiya,Empire,220 .00,,
Food,Chicken Gravy,Non Veg,Empire Chicken SPL,Empire,230 .00,,
Food,Mutton Gravy,Non Veg,Mutton Curry,Empire,190 .00,,
Food,Mutton Gravy,Non Veg,Mutton Kadai,Empire,200 .00,,
Food,Mutton Gravy,Non Veg,Mutton Masala,Empire,200 .00,,
Food,Mutton Gravy,Non Veg,Mutton Methi ,Empire,200 .00,,
Food,Mutton Gravy,Non Veg,Mutton Rayalaseema,Empire,200 .00,,
Food,Mutton Gravy,Non Veg,Mutton Moghalai,Empire,200 .00,,
Food,Mutton Gravy,Non Veg,Mutton Rogan Josh,Empire,200 .00,,
Food,Mutton Gravy,Non Veg,Mutton Anarkali ,Empire,210 .00,,
Food,Mutton Gravy,Non Veg,Empire Mutton SPL,Empire,240 .00,,
Food,Fish Gravy,Non Veg,Fish Curry ,Empire,200 .00,,
Food,Fish Gravy,Non Veg,Andhra Fish ,Empire,200 .00,,
Food,Fish Gravy,Non Veg,Kadai Fish,Empire,200 .00,,
Food,Prawns Gravy,Non Veg,Prawns Masala,Empire,220 .00,,
Food,Prawns Gravy,Non Veg,Prawns Curry,Empire,220 .00,,
Food,Prawns Gravy,Non Veg,Prawns Kadai,Empire,220 .00,,
Food,Egg Dry & Curry,Non Veg,Egg Pouch,Empire,30 .00,,
Food,Egg Dry & Curry,Non Veg,Omlet,Empire,35 .00,,
Food,Egg Dry & Curry,Non Veg,Egg Burj,Empire,120 .00,,
Food,Egg Dry & Curry,Non Veg,Egg Burj Wet,Empire,130 .00,,
Food,Egg Dry & Curry,Non Veg,Egg 65,Empire,120 .00,,
Food,Egg Dry & Curry,Non Veg,Egg Chilli,Empire,120 .00,,
Food,Egg Dry & Curry,Non Veg,Egg Ginger ,Empire,120 .00,,
Food,Egg Dry & Curry,Non Veg,Egg Curry,Empire,120 .00,,
Food,Egg Dry & Curry,Non Veg,Egg Masala,Empire,120 .00,,
Food,"Biryani""s",Non Veg,Chicken Dum Biryani,Empire,170 .00,,
Food,"Biryani""s",Non Veg,Chicken SPL Biryani,Empire,180 .00,,
Food,"Biryani""s",Non Veg,Mutton Dum Biryani,Empire,190 .00,,
Food,"Biryani""s",Non Veg,Fish Biryani ,Empire,230 .00,,
Food,"Biryani""s",Non Veg,Prawns Biryani,Empire,240 .00,,
Food,"Biryani""s",Non Veg,Egg biryani ,Empire,240 .00,,
Food,"Biryani""s",Non Veg,Biryani Rice,Empire,120 .00,,
Food,"Biryani""s",Non Veg,Chicken Fried Rice,Empire,140 .00,,
Food,"Biryani""s",Non Veg,SPL Chicken Fried Rice,Empire,150 .00,,
Food,"Biryani""s",Non Veg,Egg Fried Rice,Empire,130 .00,,
Food,Family Packs,Non Veg,Chicken Dum Biryani,Empire,410 .00,,
Food,Family Packs,Non Veg,Chicken SPL Biryani,Empire,450 .00,,
Food,Family Packs,Non Veg,Mutton Dum Biryani,Empire,470 .00,,
Food,Family Packs,Non Veg,Fish Biryani ,Empire,500 .00,,
Food,Family Packs,Non Veg,Prawns Biryani,Empire,520 .00,,
Food,Family Packs,Non Veg,Chicken Combo,Empire,480 .00,,
Food,Family Packs,Non Veg,Chicken Familly Combo,Empire,760 .00,,
Food,Family Packs,Non Veg,Mutton Combo,Empire,530 .00,,
Food,Family Packs,Non Veg,Mutton Familly Combo,Empire,840 .00,,
Food,Family Packs,Non Veg,Chicken Thali,Empire,180 .00,,
Food,Dry Vegitarian,Veg,Gobi 65 ,Empire,120 .00,,
Food,Dry Vegitarian,Veg,Gobi Manchuria,Empire,120 .00,,
Food,Dry Vegitarian,Veg,Gobi Chilli,Empire,120 .00,,
Food,Dry Vegitarian,Veg,Gobi Pakoda,Empire,120 .00,,
Food,Dry Vegitarian,Veg,Veg 65,Empire,130 .00,,
Food,Dry Vegitarian,Veg,Veg Manchuria,Empire,130 .00,,
Food,Dry Vegitarian,Veg,Veg Chatpata,Empire,130 .00,,
Food,Dry Vegitarian,Veg,Veg Dry,Empire,130 .00,,
Food,Dry Vegitarian,Veg,Veg Sangrilla,Empire,140 .00,,
Food,Dry Vegitarian,Veg,Veg Crispy,Empire,140 .00,,
Food,Dry Vegitarian,Veg,Veg Bullet ,Empire,140 .00,,
Food,Dry Vegitarian,Veg,Veg Patiala,Empire,140 .00,,
Food,Dry Vegitarian,Veg,Veg Basket ,Empire,140 .00,,
Food,Dry Vegitarian,Veg,Paneer 65,Empire,150 .00,,
Food,Dry Vegitarian,Veg,Paneer Manchuria,Empire,150 .00,,
Food,Dry Vegitarian,Veg,Paneer Pepper,Empire,150 .00,,
Food,Dry Vegitarian,Veg,Paneer Chatpata,Empire,150 .00,,
Food,Dry Vegitarian,Veg,Paneer Pakoda,Empire,150 .00,,
Food,Dry Vegitarian,Veg,Mashroom Chilli,Empire,150 .00,,
Food,Dry Vegitarian,Veg,Mashroom Chatpata,Empire,150 .00,,
Food,Dry Vegitarian,Veg,Mashroom 65,Empire,150 .00,,
Food,Dry Vegitarian,Veg,Mashroom Manchuria,Empire,150 .00,,
Food,Dry Vegitarian,Veg,Mashroom Pepper,Empire,150 .00,,
Food,Dry Vegitarian,Veg,Babycorn Chilli,Empire,150 .00,,
Food,Dry Vegitarian,Veg,Babycorn 65,Empire,150 .00,,
Food,Dry Vegitarian,Veg,Babycorn Manchuria,Empire,150 .00,,
Food,Dry Vegitarian,Veg,Golden Babycorn,Empire,150 .00,,
Food,Dry Vegitarian,Veg,Crispy Babycorn,Empire,150 .00,,
Food,Dry Vegitarian,Veg,Alu Finger Chips,Empire,120 .00,,
Food,Dry Vegitarian,Veg,Capsicum Pakoda,Empire,120 .00,,
Food,Dry Vegitarian,Veg,Cashewnut Dry,Empire,160 .00,,
Food,Veg Gravy,Veg,Tomato Curry,Empire,110 .00,,
Food,Veg Gravy,Veg,Dal Fry,Empire,130 .00,,
Food,Veg Gravy,Veg,Egg Dal Fry,Empire,150 .00,,
Food,Veg Gravy,Veg,Dal Tadaka,Empire,150 .00,,
Food,Veg Gravy,Veg,Plain Palak,Empire,120 .00,,
Food,Veg Gravy,Veg,Capsicum Masala ,Empire,120 .00,,
Food,Veg Gravy,Veg,Mix Veg Curry,Empire,130 .00,,
Food,Veg Gravy,Veg,Veg Kadai,Empire,130 .00,,
Food,Veg Gravy,Veg,Veg Methi,Empire,140 .00,,
Food,Veg Gravy,Veg,Veg Rayalaseema,Empire,140 .00,,
Food,Veg Gravy,Veg,Veg Kolhapuri,Empire,140 .00,,
Food,Veg Gravy,Veg,Veg Jaipuri,Empire,140 .00,,
Food,Veg Gravy,Veg,Veg Kofta,Empire,140 .00,,
Food,Veg Gravy,Veg,Veg Noorani,Empire,140. 00,,
Food,Veg Gravy,Veg,Gobi Masala,Empire,120 .00,,
Food,Veg Gravy,Veg,Green Piece Masala,Empire,120 .00,,
Food,Veg Gravy,Veg,Paneer Mutter ,Empire,120 .00,,
Food,Veg Gravy,Veg,Paneer Butter Masala,Empire,150 .00,,
Food,Veg Gravy,Veg,Palak Paneer,Empire,150 .00,,
Food,Veg Gravy,Veg,Paneer Shahi Kurma,Empire,160 .00,,
Food,Veg Gravy,Veg,Paneer Akbari,Empire,160 .00,,
Food,Veg Gravy,Veg,Paneer Cashew Masala,Empire,170 .00,,
Food,Veg Gravy,Veg,Babycorn Panner,Empire,170 .00,,
Food,Veg Gravy,Veg,Babycorn Masala,Empire,170 .00,,
Food,Veg Gravy,Veg,Babycorn Cashew,Empire,180 .00,,
Food,Veg Gravy,Veg,Cashew Curry,Empire,160 .00,,
Food,Veg Gravy,Veg,Malaikofta ,Empire,160 .00,,
Food,Veg Gravy,Veg,Mashroom Curry,Empire,160 .00,,
Food,Veg Gravy,Veg,Mashroom Masala,Empire,160 .00,,
Food,Veg Gravy,Veg,Empire SPL,Empire,180 .00,,
Food,Tandoori Roti,Veg,Tandoori Roti,Empire,15 .00,,
Food,Tandoori Roti,Veg,Butter Roti,Empire,20 .00,,
Food,Tandoori Roti,Veg,Plain Naan,Empire,30 .00,,
Food,Tandoori Roti,Veg,Butter Naan,Empire,35 .00,,
Food,Tandoori Roti,Veg,Rajasthani Naan,Empire,50 .00,,
Food,Tandoori Roti,Veg,Garlic Naan,Empire,50 .00,,
Food,Tandoori Roti,Veg,Plain Kulcha,Empire,25 .00,,
Food,Tandoori Roti,Veg,Butter Kulcha,Empire,30 .00,,
Food,Tandoori Roti,Veg,Masala Kulcha,Empire,50 .00,,
Food,Tandoori Roti,Veg,Stuffed Kulcha,Empire,50 .00,,
Food,Tandoori Roti,Veg,Alu Parota,Empire,50 .00,,
Food,Tandoori Roti,Veg,Laccha Parota,Empire,45 .00,,
Food,Tandoori Roti,Veg,Paneer Parotha,Empire,50 .00,,
Food,Tandoori Roti,Veg,Gobi Parota,Empire,50 .00,,
Food,Veg Fried Rice,Veg,Veg Fried Rice,Empire,120 .00,,
Food,Veg Fried Rice,Veg,Gobi Fried Rice,Empire,130 .00,,
Food,Veg Fried Rice,Veg,Jeera Rice,Empire,130 .00,,
Food,Veg Fried Rice,Veg,Ghee Rice,Empire,140 .00,,
Food,Veg Fried Rice,Veg,Paneer Fried Rice,Empire,140 .00,,
Food,Veg Fried Rice,Veg,Paneer Cashewnut Fried Rice,Empire,140 .00,,
Food,Veg Fried Rice,Veg,Mashroom Fried Rice,Empire,140 .00,,
Food,Veg Fried Rice,Veg,Cashewnut fried Rice,Empire,140 .00,,
Food,Veg Fried Rice,Veg,Veg Palav,Empire,150 .00,,
Food,Veg Fried Rice,Veg,Veg Biryani,Empire,150 .00,,
Food,Veg Fried Rice,Veg,Paneer Cashewnut Palav,Empire,160 .00,,
Food,Veg Fried Rice,Veg,Curd Rice,Empire,60 .00,,
Food,Soft Drinks,Soft Drinks,Soft Drinks 300 ml,Empire,25 .00,,
Food,Soft Drinks,Soft Drinks,Soft Drink Tin 330 ml,Empire,35 .00,,
Food,Soft Drinks,Soft Drinks,Pet Bottle 600 ml,Empire,40 .00,,
Food,Soft Drinks,Soft Drinks,Pet Bottle 1 .25 Ltrs,Empire,60 .00,,
Food,Soft Drinks,Soft Drinks,Water Bottle 1Ltrs,Empire,25 .00,,
Food,Puffs,Veg,Veg Puff,Parklane Bakers,12 .00,,
Food,Puffs,Veg,Egg Puff,Parklane Bakers,14 .00,,
Food,Puffs,Veg,Chicken Puff,Parklane Bakers,20 .00,,
Food,Puffs,Veg,Samosa,Parklane Bakers,10 .00,,
Food,Puffs,Veg,Paneer Puff,Parklane Bakers,20 .00,,
Food,Bread Rolls,Non Veg,Chicken Bread Roll,Parklane Bakers,70 .00,,
Food,Bread Rolls,Non Veg,Chicken 65 Roll,Parklane Bakers,70 .00,,
Food,Bread Rolls,Veg,Paneer Tikka Roll,Parklane Bakers,70 .00,,
Food,Bread Rolls,Veg,Veg Roll,Parklane Bakers,50 .00,,
Food,Bread Rolls,Veg,Veg Toast,Parklane Bakers,40 .00,,
Food,Bread Rolls,Non Veg,Chicken Garlic Cheese Roll,Parklane Bakers,60 .00,,
Food,Bread Rolls,Non Veg,Chicken Toast,Parklane Bakers, 50. 00,,
Food,Sandwiches,veg,Veg Sandwich,Parklane Bakers,30 .00,,
Food,Sandwiches,veg,Veg Cheese Sandwich,Parklane Bakers,40 .00,,
Food,Sandwiches,Non Veg,Chicken ,Parklane Bakers,40 .00,,
Food,Sandwiches,Non Veg,Chicken Cheese Sandwich,Parklane Bakers,40 .00,,
Food,Sandwiches,Non Veg,Chicken Grill,Parklane Bakers,60 .00,,
Food,Sandwiches,Non Veg,Egg Cheese Sandwich,Parklane Bakers,40 .00,,
Food,Sandwiches,Non Veg,Egg Grill,Parklane Bakers,50 .00,,
Food,Sandwiches,Veg,Paneer Cheese Sandwich,Parklane Bakers,60 .00,,
Food,Cutlets,veg,Veg Cutlet,Parklane Bakers,30 .00,,
Food,Cutlets,Non Veg,Chicken Cutlet,Parklane Bakers,30 .00,,
Food,Cutlets,Veg,French Fries 100 gm,Parklane Bakers,40 .00,,
Food,Cutlets,Veg,French Fries With Cheese,Parklane Bakers,50 .00,,
Food,Cutlets,Non Veg,Chicken Leg Piece,Parklane Bakers,50 .00,,
Food,Cutlets,Non Veg,Chicken Lolipop 1 pc,Parklane Bakers,40 .00,,
Food,Cutlets,Non Veg,Chicken Hot Wings 5pc,Parklane Bakers,80 .00,,
Food,Burgers,Non Veg,Chicken burger,Parklane Bakers,70 .00,,
Food,Burgers,Non Veg,Chicken Cheese Burger,Parklane Bakers,80 .00,,
Food,Burgers,Non Veg,Chilli Chicken Burger,Parklane Bakers,90 .00,,
Food,Burgers,Non Veg,Veg. Burger,Parklane Bakers,60 .00,,
Food,Burgers,Non Veg,Veg .Cheese Burger,Parklane Bakers,70 .00,,
Food,Burgers,Non Veg,Panner Burger,Parklane Bakers,70 .00,,
Food,Burgers,Non Veg,Panner Cheese Burger,Parklane Bakers,90 .00,,
Food,Burgers,Non Veg,Egg Burger,Parklane Bakers,60 .00,,
Food,Burgers,Non Veg,Egg Cheese Burger,Parklane Bakers,70 .00,,
Food,Burgers,Non Veg,Zinger Chicken Burger,Parklane Bakers,80 .00,,
Food,Pizzas ,veg,Jalapeno / Olives Pizza,Parklane Bakers,120 .00,,
Food,Pizzas ,veg,"Veg, Cheese Pizza",Parklane Bakers,90 .00,,
Food,Pizzas ,veg,Onion Capsicum Cheese Pizza,Parklane Bakers,100 .00,,
Food,Pizzas ,veg,Tomato Cheese Pizza,Parklane Bakers,90 .00,,
Food,Pizzas ,veg,Capsicum Cheese Pizza,Parklane Bakers,90 .00,,
Food,Pizzas ,veg,Hawaian Pizza Pineapple+Cheese,Parklane Bakers,100 .00,,
Food,Pizzas ,veg,Paneer Cheese Pizza,Parklane Bakers,120 .00,,
Food,Pizzas ,veg,Ginger Veg. pizza,Parklane Bakers,90 .00,,
Food,Pizzas ,veg,Veg Mushroom Pizza,Parklane Bakers,120 .00,,
Food,Pizzas ,veg,Babycorn Pizza,Parklane Bakers,120 .00,,
Food,Pizzas ,veg,Plain Cheese Pizza,Parklane Bakers,80 .00,,
Food,Pizzas ,veg,Egg Cheese Pizza,Parklane Bakers,100 .00,,
Food,Pizzas ,Non Veg,Jalapeno/Olives Chicken Pizza,Parklane Bakers,120 .00,,
Food,Pizzas ,Non Veg,Chicken Cheese Pizza,Parklane Bakers,110 .00,,
Food,Pizzas ,Non Veg,Chicken Tikka Pizza,Parklane Bakers,120 .00,,
Food,Pizzas ,Non Veg,Chicken Capsicum Pizza,Parklane Bakers,120 .00,,
Food,Pizzas ,Non Veg,Ginger Chicken Pizza,Parklane Bakers, 110 .00,,
Food,Frankies,Veg,Veg. Cheese Frankly,Parklane Bakers,70 .00,,
Food,Frankies,Non Veg,Chicken Cheese Frankly,Parklane Bakers,70 .00,,
Food,Frankies,Veg,Paneer Cheese Frankly,Parklane Bakers,70 .00,,
Food,Frankies,Non Veg,Egg Franky,Parklane Bakers,60 .00,,
Food,Appetizers,veg,Veg.Spring Roll,Parklane Bakers,40 .00,,
Food,Appetizers,Non Veg,Chicken Spring Roll,Parklane Bakers,60 .00,,
Food,Appetizers,Non Veg,Egg Spring Roll,Parklane Bakers,50 .00,,
Food,Appetizers,Veg,Veg.Manchuria 100 gm,Parklane Bakers,50 .00,,
Food,Appetizers,Non Veg,Chicken 65  100 gm,Parklane Bakers,70 .00,,
Food,Appetizers,Non Veg,Chilli Chicken 100 gm,Parklane Bakers,70 .00,,
Food,Appetizers,Veg,Paneer 65 100 gm,Parklane Bakers,90 .00,,
Food,Appetizers,Veg,Gobi 65 100 gm,Parklane Bakers,50 .00,,
Food,Appetizers,Non Veg,Chicken Pakoda,Parklane Bakers,70 .00,,
Food,Noodles,Veg,Veg Noodles,Parklane Bakers,60 .00,,
Food,Noodles,Veg,Gobi Noodles ,Parklane Bakers,80 .00,,
Food,Noodles,Veg,Paneer Noodles,Parklane Bakers,80 .00,,
Food,Noodles,Non Veg,Chicken Noodles,Parklane Bakers,80 .00,,
Food,Noodles,Non Veg,Ginger Chicken Noodles,Parklane Bakers,80 .00,,
Food,Noodles,Non Veg,Egg Noodles,Parklane Bakers,70 .00,,
Food,Fried Rice,Veg,Veg Fried Rice,Parklane Bakers,60 .00,,
Food,Fried Rice,Veg,Mushroom Fried Rice,Parklane Bakers,80 .00,,
Food,Fried Rice,Veg,Paneer Fried Rice,Parklane Bakers,80 .00,,
Food,Fried Rice,Veg,Gobi Fried Rice,Parklane Bakers,80 .00,,
Food,Fried Rice,Non Veg,Chicken Fried Rice,Parklane Bakers,80 .00,,
Food,Fried Rice,Non Veg,Ginger Chicken Fried Rice,Parklane Bakers,80 .00,,
Food,Fried Rice,Non Veg,Egg Fried Rice,Parklane Bakers,70 .00,,
Food,Fresh Cream Cake ,veg,Vanilla Cream Cake 1 kg,Parklane Bakers,320 .00,,
Food,Fresh Cream Cake ,veg,Pineapple Cream Cake 1kg,Parklane Bakers,340 .00,,
Food,Fresh Cream Cake ,veg,Butter Scotoch Cream Cake 1kg,Parklane Bakers,380 .00,,
Food,Fresh Cream Cake ,veg,Chocolate Cream Cake 1kg,Parklane Bakers,380 .00,,
Food,Fresh Cream Cake ,veg,Straberry Cream Cake 1kg,Parklane Bakers,380 .00,,
Food,Fresh Cream Cake ,veg,Almond Cream Cake 1 kg,Parklane Bakers,380 .00,,
Food,Fresh Cream Cake ,veg,Pista Cream Cake 1 kg,Parklane Bakers,390 .00,,
Food,Fresh Cream Cake ,veg,Black Forest Cake 1 kg,Parklane Bakers,400 .00,,
Food,Fresh Cream Cake ,veg,White Forest Cake 1 kg,Parklane Bakers,400 .00,,
Food,SPL Rich Cream,veg,Italian Chocolate Spl 1 kg,Parklane Bakers,470 .00,,
Food,SPL Rich Cream,veg,Pineapple Cake Spl 1kg,Parklane Bakers,470 .00,,
Food,SPL Rich Cream,veg,Blue Berry Spl Cake 1kg,Parklane Bakers,470 .00,,
Food,SPL Rich Cream,veg,Almond Choco Chips cake 1kg,Parklane Bakers,470 .00,,
Food,SPL Rich Cream,veg,Litchi Cake spl 1 kg,Parklane Bakers,470 .00,,
Food,SPL Rich Cream,veg,Orange Gateau,Parklane Bakers,470 .00,,
Food,SPL Rich Cream,veg,Mango Cake Spl 1 Kg,Parklane Bakers,470 .00,,
Food,SPL Rich Cream,veg,Rich Black Forest,Parklane Bakers,470 .00,,
Food,SPL Rich Cream,veg,Chocolate Truffle Cake 1 kg,Parklane Bakers,470 .00,,
Food,SPL Rich Cream,veg,Straberry Marble Cake 1Kg,Parklane Bakers,470 .00,,
Food,SPL Rich Cream,veg,Kiwi Cake Spl Cake 1 Kg,Parklane Bakers,470 .00,,
Food,SPL Rich Cream,veg,Rich Butter Scotch Cake 1 kg,Parklane Bakers,470 .00,,
Food,SPL Rich Cream,veg,Black Current Cake 1 kg,Parklane Bakers,470 .00,,
Food,Pastries,veg,Pineapple,parklane Bakers,35. 00,,
Food,Pastries,veg,Black Forest ,Parklane Bakers,35. 00,,
Food,Pastries,veg,Butter scotch,parklane Bakers,35. 00,,
Food,Pastries,veg,Vanilla ,parklane Bakers,35. 00,,
Food,Pastries,veg,Almond ,parklane Bakers,35. 00,,
Food,Quick Bites,Non Veg,Masala Fries,Five Star Chicken,45 .00,,
Food,Quick Bites,Non Veg,chicken Popcorn,Five Star Chicken,55 .00,,
Food,Quick Bites,Veg,Veg Fingers 3pcs,Five Star Chicken,30 .00,,
Food,Quick Bites,Veg,Spicy Fingers,Five Star Chicken,45 .00,,
Food,Quick Bites,Non Veg,Chilli Nuggets 3pcs,Five Star Chicken,45 .00,,
Food,Quick Bites,Veg,Chocolate Samosa 3pcs,Five Star Chicken,33 .00,,
Food,Quick Bites,Veg,Veg Samosa 3pcs,Five Star Chicken,33 .00,,
Food,Quick Bites,Non Veg,Chicken Samosa 3pcs,Five Star Chicken,45 .00,,
Food,Quick Bites,Veg,Alu Paratha 1 pcs,Five Star Chicken,32 .00,,
Food,Chicken Delight,Non Veg,Chicken Masala 1 wing,Five Star Chicken,50 .00,,
Food,Chicken Delight,Non Veg,Chicken Masala 1 Piece,Five Star Chicken,58 .00,,
Food,Chicken Delight,Non Veg,Chicken Masala Bucket 10 pcs,Five Star Chicken,545 .00,,
Food,Chicken Delight,Non Veg,Hot N Smokey 1 Wing,Five Star Chicken,55 .00,,
Food,Chicken Delight,Non Veg,Hot N Smokey 1 Wing,Five Star Chicken,63 .00,,
Food,Chicken Delight,Non Veg,Hot N Smokey Bucket,Five Star Chicken,590 .00,,
Food,Chicken Delight,Non Veg,Chicken Peri Peri,Five Star Chicken,110 .00,,
Food,Grab N Eat,Veg,Veg Roll,Five Star Chicken,55. 00,,
Food,Grab N Eat,Veg,Spicy Roll,Five Star Chicken,60 .00,,
Food,Grab N Eat,Veg,Chole Roll,Five Star Chicken,55 .00,,
Food,Grab N Eat,Veg,Yummy Veg,Five Star Chicken,60. 00,,
Food,Grab N Eat,Non Veg,Crispy Chicken,Five Star Chicken,50 .00,,
Food,Grab N Eat,Non Veg,Hungry Bird,Five Star Chicken,80 .00,,
Food,Grab N Eat,Non Veg,Italian Hot Dog,Five Star Chicken,60 .00,,
Food,Grab N Eat,Non Veg,Mexican Hot Dog,Five Star Chicken,60 .00,,
Food,Munchies,Non veg,Wings 5pcs,Ku Ku Fried Chicken,50 .00,,
Food,Munchies,Non veg,Wings 5pcs,Ku Ku Fried Chicken,85. 00,,
Food,Munchies,Non veg,Bar Be Gue Wings 5pcs,Ku Ku Fried Chicken,110 .00,,
Food,Munchies,Non veg,Chicken Lollypop 5pcs,Ku Ku Fried Chicken,120 .00,,
Food,Munchies,Non veg,Chicken Strips 3pcs,Ku Ku Fried Chicken,80 .00,,
Food,Munchies,Non veg,Chicken Popcorn,Ku Ku Fried Chicken,70 .00,,
Food,Large Pieces,Non veg,Chicken 1Pcs,Ku Ku Fried Chicken,55 .00,,
Food,Large Pieces,Non veg,Chicken 4 Pcs,Ku Ku Fried Chicken,210 .00,,
Food,Veg Fries,Veg,French Fries,Ku Ku Fried Chicken,40 .00,,
Food,Veg Fries,Veg,Masala Fries,Ku Ku Fried Chicken,50 .00,,
Food,Veg Fries,Veg,Potato Wedges,Ku Ku Fried Chicken,40. 00,,
Food,Veg Fries,Veg,Veg Muggets,Ku Ku Fried Chicken,40 .00,,
Food,Veg Fries,Veg,Veg Strips,Ku Ku Fried Chicken,40 .00,,
Food,veg Fries,Veg,Veg Rolls,Ku Ku Fried Chicken,40 .00,,
Food,Burgers,Veg,Veg Burger,Ku Ku Fried Chicken,50 .00,,
Food,Burgers,Veg,Egg Burger,Ku Ku Fried Chicken,60 .00,,
Food,Burgers,Non veg,Chicken Burger,Ku Ku Fried Chicken,60 .00,,
Food,Burgers,Non veg,Paneer Burger,Ku Ku Fried Chicken,70 .00,,
Food,Pizzas,Non veg,Cheese Pizza,Ku Ku Fried Chicken,100 .00,,
Food,Pizzas,Non veg,Veg Pizza,Ku Ku Fried Chicken,120 .00,,
Food,Pizzas,Non veg,Paneer Pizza,Ku Ku Fried Chicken,130 .00,,
Food,Pizzas,Non veg,Chicken Pizza,Ku Ku Fried Chicken,130 .00,,
Food,Pizzas,Non veg,BBQ Chicken Pizza,Ku Ku Fried Chicken,140 .00,,
Food,Pizzas,Non veg,Extra Cheese,Ku Ku Fried Chicken,20 .00,,
Food,Combos,Non veg,2 pcs Chicken&fries&coke,Ku Ku Fried Chicken,170 .00,,
Food,Combos,Non veg,Veg Burger&Fries&coke,Ku Ku Fried Chicken,110 .00,,
Food,Combos,Non veg,3 pcs Strips&Fries&Coke,Ku Ku Fried Chicken,140. 00,,
Food,Combos,Non veg,Chicken Burger&Fries&Coke,Ku Ku Fried Chicken,120 .00,,
Food,Combos,Non veg,3 pcs Wings&Fries&Coke,Ku Ku Fried Chicken,110 .00,,
Food,Combos,Non veg,Paneer Burger&Fries&Coke,Ku Ku Fried Chicken,130 .00,,